,correct_trigram_tags,error_type,count
329,IN DT NN,RT,158
426,IN PRP$ NN,RT,55
391,IN NNP IN,RT,32
1434,VB DT NN,RV,31
27,", PRP MD",MP,27
1656,VBD TO VB,TV,24
344,IN DT NNS,RT,24
739,NN IN DT,RN,23
173,"DT NN ,",MD,19
741,NN IN DT,S,18
695,NN . _,S,18
424,IN PRP$ NN,MT,18
1462,VB IN DT,RV,18
212,DT NN NN,MD,16
1574,VBD DT NN,TV,16
855,NN TO VB,S,15
1363,TO VB DT,FV,15
198,DT NN IN,MD,15
403,IN PRP .,RT,14
693,NN . _,RN,14
1368,TO VB IN,FV,14
623,MD VB IN,TV,13
401,"IN PRP ,",RT,13
643,MD VB TO,TV,13
520,JJ IN DT,S,13
1144,PRP VBZ RB,MA,13
588,JJ TO VB,S,13
14,", IN DT",MP,13
656,"NN , IN",AGN,12
619,MD VB DT,TV,12
1698,VBG IN DT,FV,12
1435,VB DT NN,S,12
161,DT JJ NN,MD,11
498,JJ . _,S,11
30,", PRP VBP",MP,11
1138,PRP VBZ JJ,MA,10
432,IN PRP$ NNS,RT,10
755,NN IN NN,S,10
1514,VB PRP$ NN,RV,9
974,NNS IN NNS,AGN,9
552,JJ NN IN,RJ,9
753,NN IN NN,RN,9
1058,PRP MD VB,RA,9
378,IN NN IN,RT,9
1688,VBG DT NN,FV,9
1374,TO VB IN,UT,8
854,NN TO VB,RN,8
1629,VBD PRP$ NN,S,8
62,", WDT VBZ",MP,8
554,JJ NN IN,S,8
180,DT NN .,MD,8
517,JJ IN DT,RJ,8
1690,VBG DT NN,IV,8
1572,VBD DT NN,RV,8
1059,PRP MD VB,TV,7
1691,VBG DT NN,RT,7
28,", PRP VBD",MP,7
42,", RB RB",MP,7
795,NN NN IN,AGN,7
1066,PRP PRP$ NN,MA,7
1268,RB JJ .,RY,7
774,NN IN NNS,S,7
495,JJ . _,RJ,7
49,", VBG DT",MP,7
206,DT NN IN,UT,7
21,", IN PRP$",MP,6
659,"NN , IN",S,6
90,. _ _,U,6
963,NNS IN DT,FN,6
962,NNS IN DT,AGN,6
1972,VBZ DT NN,AGV,6
1842,VBN TO VB,S,6
1654,VBD TO VB,RV,6
1247,RB IN DT,S,6
1866,VBP DT NN,TV,6
614,MD RB VB,W,6
2049,WP NN IN,RQ,6
1499,VB PRP DT,RV,6
989,NNS MD VB,AGN,6
1714,VBG IN PRP$,RV,6
735,NN IN DT,DN,6
587,JJ TO VB,RJ,6
1056,PRP MD VB,MA,6
404,IN PRP CC,RT,6
641,MD VB TO,MV,5
423,IN PRP$ NN,ID,5
875,NN VBZ IN,RN,5
1841,VBN TO VB,RV,5
1190,"PRP$ RB ,",DA,5
1437,VB DT NN,TV,5
19,", IN PRP",MP,5
1266,RB JJ .,DY,5
17,", IN NN",MP,5
367,IN JJ NN,RT,5
1703,VBG IN NN,FV,5
1515,VB PRP$ NN,S,5
767,NN IN NNP,SA,5
1431,VB DT NN,FV,5
738,NN IN DT,R,5
1692,VBG DT NN,RV,5
230,DT NN VBD,W,5
1133,PRP VBZ IN,MA,5
412,IN PRP TO,MT,5
572,JJ NNS IN,IJ,5
326,IN DT NN,R,5
1774,VBG TO VB,IV,5
1386,TO VB PRP$,FV,5
94,. _ _,UY,5
92,. _ _,UN,5
324,IN DT NN,M,5
89,. _ _,MP,5
1752,VBG PRP$ NN,FV,5
636,MD VB RB,TV,5
1704,VBG IN NN,IV,5
493,JJ . _,DJ,5
1935,VBP TO VB,RV,5
249,DT NNS IN,MD,4
200,DT NN IN,R,4
2067,`` IN DT,UN,4
1443,VB DT NNS,RV,4
2,", '' IN",MP,4
1810,VBN IN DT,TV,4
1937,VBP TO VB,TV,4
711,NN CC DT,S,4
208,DT NN IN,W,4
691,NN . _,DN,4
289,EX VBD DT,RA,4
1566,VBD CD NNS,TV,4
190,DT NN CC,RD,4
1042,PRP IN DT,MA,4
1592,VBD IN PRP$,TV,4
1351,"TO VB ,",FV,4
184,DT NN .,UT,4
1860,VBP DT NN,AGV,4
233,DT NN VBZ,W,4
671,"NN , RB",S,4
1490,VB NN IN,RV,4
657,"NN , IN",RN,4
323,IN DT NN,ID,4
325,IN DT NN,MT,4
225,DT NN TO,MD,4
949,NNS . _,FN,4
610,MD PRP VB,W,4
66,", WRB PRP",MP,4
443,IN VBG DT,MT,4
444,IN VBG IN,RT,4
449,IN VBG PRP$,MT,4
772,NN IN NNS,RN,4
621,MD VB IN,RV,4
1391,TO VB PRP$,UT,4
1459,VB IN DT,FV,4
1217,RB . _,DY,4
2029,WDT NN IN,RQ,4
1118,PRP VBP RB,W,4
1246,RB IN DT,RY,4
515,JJ IN DT,DJ,4
786,NN MD VB,RN,4
549,JJ NN IN,DJ,4
858,NN VBD IN,S,4
1512,VB PRP$ NN,FV,4
1463,VB IN DT,S,4
402,IN PRP .,MT,4
1801,VBN DT NN,RV,4
1263,"RB JJ ,",DY,4
1747,VBG PRP RB,FV,4
684,NN . IN,RP,3
470,"JJ , DT",S,3
1049,PRP IN PRP$,MA,3
630,MD VB PRP,MV,3
275,DT VBZ DT,RA,3
1586,VBD IN NNP,TV,3
645,MD VB VBN,MV,3
1631,VBD PRP$ NN,TV,3
941,"NNS , RB",FN,3
1405,TO VB VBN,FV,3
486,JJ . IN,S,3
1040,PRP DT NN,MA,3
1636,VBD RB DT,AGV,3
1582,VBD IN DT,TV,3
1639,VBD RB JJ,TV,3
253,DT NNS IN,W,3
1069,PRP RB .,MA,3
1711,VBG IN PRP$,FV,3
915,NNP NN RB,RP,3
530,JJ IN NNS,S,3
543,"JJ NN ,",S,3
935,"NNS , IN",AGN,3
1763,VBG RB IN,FV,3
860,NN VBD JJ,RN,3
953,NNS CC DT,AGN,3
405,IN PRP DT,MT,3
375,IN NN IN,ID,3
1617,VBD PRP .,TV,3
1616,"VBD PRP ,",TV,3
1791,VBN . _,RV,3
1356,TO VB .,FV,3
655,"NN , DT",S,3
1377,TO VB JJ,UT,3
1830,VBN PRP$ NN,S,3
354,IN IN DT,RT,3
1831,VBN PRP$ NN,TV,3
973,NNS IN NNP,RN,3
422,IN PRP$ JJ,MT,3
425,IN PRP$ NN,R,3
878,NN VBZ NN,RP,3
1476,VB IN PRP$,RV,3
342,IN DT NNS,R,3
1381,TO VB PRP,FV,3
970,NNS IN NN,S,3
1843,VBN TO VB,TV,3
331,IN DT NN,S,3
330,IN DT NN,RY,3
1383,TO VB PRP,UT,3
1777,VBG TO VB,S,3
585,JJ TO VB,DJ,3
319,IN DT JJ,ID,3
309,IN CD NNS,RT,3
1600,VBD JJ IN,RV,3
635,MD VB RB,MV,3
1682,VBG CD NNS,FV,3
1864,VBP DT NN,S,3
1921,VBP RB JJ,AGV,3
106,CC IN DT,MC,3
182,DT NN .,R,3
1520,VB PRP$ NNS,S,3
1148,PRP VBZ VBN,RA,3
1956,VBP VBN PRP,TV,3
787,NN MD VB,S,3
719,NN CC NN,UD,3
2055,WP PRP VBP,MA,3
1178,PRP$ NN RB,R,3
31,", PRP VBZ",MP,3
1942,VBP VBG IN,TV,3
199,DT NN IN,MQ,3
806,NN NN RB,AGN,3
1537,VB TO VB,RV,3
1936,VBP TO VB,S,3
1534,VB TO VB,FV,3
1192,PRP$ RB .,DA,3
766,NN IN NNP,S,3
178,"DT NN ,",UT,3
1952,VBP VBN IN,AGV,3
2036,WDT VBD IN,RA,3
1951,VBP VBN DT,TV,3
1222,RB . _,S,3
1975,VBZ DT NNS,AGV,3
1082,PRP VBD DT,MA,3
1924,VBP RB JJ,MV,3
5,", CC NN",MP,3
3,", CC DT",MP,3
757,NN IN NN,SX,2
481,JJ . CC,S,2
625,MD VB JJ,RV,2
1758,VBG PRP$ NNS,RV,2
1221,RB . _,RY,2
457,IN WDT NN,RT,2
2024,WDT MD VB,MA,2
857,NN VBD IN,RN,2
939,"NNS , NNS",S,2
1402,TO VB TO,UT,2
77,. PRP VBD,MP,2
951,NNS . _,S,2
626,MD VB JJ,UA,2
1745,VBG PRP NN,FV,2
2025,WDT MD VB,RA,2
1753,VBG PRP$ NN,IV,2
75,. IN PRP,MP,2
2026,WDT MD VB,S,2
947,NNS . _,AGN,2
469,"JJ , DT",RJ,2
1742,VBG PDT DT,W,2
2030,WDT NN IN,S,2
1535,VB TO VB,MV,2
861,NN VBD JJ,S,2
1224,RB . _,U,2
1401,TO VB TO,RV,2
759,NN IN NN,UT,2
1232,RB DT NN,MY,2
1538,VB TO VB,S,2
1378,TO VB NN,FV,2
642,MD VB TO,RV,2
2004,VBZ RB JJ,AGV,2
1143,PRP VBZ RB,M,2
793,NN NN .,W,2
114,CC NN .,RC,2
419,IN PRP VBZ,S,2
975,NNS IN NNS,FN,2
1379,TO VB NN,W,2
120,CC PRP VBD,RC,2
2019,VBZ VBN PRP$,AGV,2
1376,TO VB JJ,MV,2
121,CC PRP VBD,SX,2
797,NN NN IN,RN,2
1793,VBN . _,TV,2
1252,RB IN NN,DY,2
408,IN PRP MD,MC,2
1466,VB IN NN,FV,2
1372,TO VB IN,R,2
105,CC DT NNS,RC,2
1147,PRP VBZ VBN,MA,2
431,IN PRP$ NNS,MT,2
749,NN IN IN,S,2
1392,TO VB RB,FV,2
1231,RB DT NN,DY,2
1390,TO VB PRP$,UA,2
85,. RB PRP,RP,2
762,NN IN NNP,FN,2
754,NN IN NN,RP,2
1157,PRP$ NN .,DD,2
445,IN VBG NN,MT,2
91,. _ _,UA,2
1235,RB DT NN,RT,2
442,IN VBG CD,MT,2
97,"CC , IN",MC,2
1773,VBG TO VB,FV,2
1153,PRP$ JJ VBZ,W,2
1775,VBG TO VB,MV,2
1237,RB DT NN,S,2
1519,VB PRP$ NNS,RV,2
936,"NNS , IN",S,2
221,DT NN PRP,UT,2
63,", WP DT",MP,2
34,", RB ,",MP,2
896,"NNP , IN",RP,2
873,NN VBZ IN,R,2
1680,VBG . _,FV,2
15,", IN DT",UN,2
18,", IN NNP",MP,2
1433,VB DT NN,R,2
555,JJ NN IN,SX,2
1522,VB RB IN,RV,2
901,"NNP , _",S,2
770,NN IN NNS,DN,2
1687,VBG DT JJ,FV,2
25,", NNP NNP",MP,2
1186,PRP$ NNS .,UT,2
903,NNP . _,RP,2
545,JJ NN .,MJ,2
33,", PRP$ NN",MP,2
541,"JJ NN ,",RJ,2
781,NN IN WRB,RN,2
566,"JJ NNS ,",UD,2
876,NN VBZ IN,S,2
887,NN WDT PRP,S,2
593,JJ WRB PRP,S,2
6,", CC PRP",MP,2
1661,VBD VBG RB,AGV,2
879,NN VBZ PRP$,S,2
1663,VBD VBN CD,AGV,2
886,NN WDT PRP,RN,2
1666,VBD VBN IN,TV,2
8,", CD IN",MP,2
568,JJ NNS .,IQ,2
576,JJ NNS JJ,RP,2
1669,VBD VBN RB,TV,2
1201,"RB , NN",ID,2
1671,VBD VBN TO,TV,2
10,", DT VBZ",MP,2
1442,VB DT NNS,FV,2
570,JJ NNS .,UD,2
1693,VBG DT NN,S,2
1646,VBD RB VBN,TV,2
61,", WDT VBD",MP,2
1429,VB DT JJ,FV,2
921,NNP POS NN,W,2
1719,VBG IN WP,FV,2
1720,"VBG JJ ,",FV,2
2042,WDT VBZ IN,S,2
2040,WDT VBZ DT,S,2
54,", VBG TO",MP,2
1635,VBD RB .,TV,2
618,MD VB DT,RV,2
927,NNP VBZ NN,S,2
2039,WDT VBZ DT,RA,2
734,NN HYPH RP,MP,2
1729,VBG NN IN,RV,2
57,", VBN IN",MP,2
1219,RB . _,R,2
492,JJ . RB,S,2
931,"NNS , DT",AGN,2
60,", WDT MD",MP,2
1458,VB IN DT,DV,2
510,JJ HYPH NN,RJ,2
50,", VBG IN",MP,2
524,JJ IN IN,DJ,2
907,NNP IN DT,RP,2
1209,"RB , _",S,2
1428,VB DT IN,FV,2
1701,VBG IN DT,UV,2
1702,VBG IN DT,W,2
528,JJ IN NN,S,2
910,NNP IN NNP,RP,2
1643,VBD RB VB,X,2
611,MD RB VB,MV,2
869,NN VBZ DT,RP,2
1179,PRP$ NN RB,UT,2
764,NN IN NNP,RN,2
45,", UH ,",MP,2
1215,RB . PRP,SX,2
47,", VB PRP",MP,2
763,NN IN NNP,MP,2
1218,RB . _,FJ,2
1256,RB IN NNP,RY,2
1123,PRP VBP VBG,UP,2
1597,VBD JJ .,TV,2
833,NN PRP VBP,AGN,2
1,'' NNS JJ,MP,2
1037,PRP . _,RA,2
1484,VB JJ IN,RV,2
1590,VBD IN PRP$,RV,2
683,NN . IN,RN,2
189,DT NN CC,R,2
192,DT NN CC,UD,2
685,NN . IN,S,2
830,NN PRP VBD,RP,2
1878,VBP IN DT,SX,2
1879,VBP IN DT,TV,2
1316,RB VBD RB,DY,2
193,DT NN CC,UT,2
1568,VBD DT JJ,TV,2
299,"IN , VBD",RT,2
1332,RB VBZ DT,W,2
1055,PRP MD VB,M,2
305,IN CD IN,RT,2
327,IN DT NN,RC,2
172,"DT NN ,",AGQ,2
1950,VBP VBN DT,MV,2
1275,RB JJ NN,W,2
322,IN DT JJ,R,2
1018,NNS VBP IN,S,2
841,"NN RB ,",UD,2
723,NN CC VBZ,RP,2
318,IN DT IN,RT,2
840,NN PRP VBZ,S,2
314,IN DT .,RT,2
313,"IN DT ,",RT,2
1024,NNS WDT PRP,FN,2
308,IN CD NNS,MT,2
1100,PRP VBD VBN,TV,2
1051,PRP JJ TO,MA,2
1889,VBP IN PRP$,S,2
171,DT MD VB,RA,2
245,DT NNS .,UT,2
243,DT NNP VBZ,MD,2
1907,VBP PRP VB,RV,2
1908,VBP PRP VBP,S,2
240,DT NNP NNP,MD,2
1301,RB RB VBP,W,2
1910,VBP PRP VBZ,SX,2
1073,PRP RB VBD,W,2
1912,VBP PRP$ NN,RV,2
1579,VBD DT NNS,TV,2
1299,RB RB JJ,X,2
1084,PRP VBD DT,RA,2
232,DT NN VBZ,MD,2
228,DT NN VBD,MD,2
226,DT NN TO,MQ,2
705,NN CC DT,AGN,2
1071,PRP RB JJ,MA,2
823,NN POS NN,MP,2
201,DT NN IN,RD,2
709,NN CC DT,RN,2
265,DT NNS VBZ,RN,2
203,DT NN IN,SX,2
825,NN POS NN,W,2
1309,RB VB IN,W,2
1896,VBP NN .,RV,2
1090,PRP VBD IN,RA,2
1306,RB VB DT,RY,2
697,NN . _,SX,2
712,NN CC DT,SX,2
254,DT NNS JJ,RD,2
1929,VBP RB VBN,TV,2
252,DT NNS IN,UT,2
1304,RB TO VB,S,2
250,DT NNS IN,MQ,2
1489,VB NN IN,FV,2
328,IN DT NN,RP,2
1023,NNS WDT DT,RN,2
170,DT JJR NN,MD,2
1107,PRP VBP DT,R,2
994,NNS POS NN,MP,2
1812,VBN IN NN,S,2
146,CD NNS IN,UT,2
1813,VBN IN NN,TV,2
376,IN NN IN,R,2
373,IN NN CC,SX,2
1816,VBN IN NNP,RV,2
650,"NN , CC",R,2
1819,VBN IN NNS,S,2
152,DT . _,RA,2
1605,VBD NN IN,RV,2
366,IN JJ NN,MT,2
1358,TO VB .,UT,2
1821,VBN IN PRP$,RV,2
154,DT CD NNS,AGD,2
1116,PRP VBP RB,U,2
382,IN NN RB,RT,2
1264,"RB JJ ,",RY,2
394,IN NNP PRP,RT,2
1797,VBN CD NNS,TV,2
1371,TO VB IN,MV,2
1799,VBN DT IN,RV,2
1370,TO VB IN,M,2
801,NN NN IN,SX,2
1369,TO VB IN,ID,2
392,IN NNP NNP,MT,2
1364,TO VB DT,R,2
390,IN NNP IN,MT,2
1973,VBZ DT NN,RV,2
1971,VBZ DT JJS,UA,2
1619,VBD PRP CC,TV,2
386,"IN NNP ,",RT,2
1365,TO VB DT,RV,2
1272,RB JJ IN,DY,2
1527,VB RP .,RV,2
1840,VBN TO VB,IV,2
1953,VBP VBN JJ,TV,2
658,"NN , IN",RP,2
1503,VB PRP PRP$,SX,2
162,DT JJ NN,MQ,2
341,IN DT NNS,M,2
1954,VBP VBN NN,TV,2
1958,VBP VBN PRP$,TV,2
1106,PRP VBP DT,MA,2
338,IN DT NNP,MT,2
337,IN DT NN,W,2
335,IN DT NN,UV,2
168,DT JJ NNS,RQ,2
1606,VBD NN IN,TV,2
349,IN DT VBG,SX,2
163,DT JJ NN,R,2
1478,VB IN PRP$,UV,1
1517,VB PRP$ NN,TV,1
1516,VB PRP$ NN,SX,1
1495,VB NNS IN,FV,1
1511,VB PRP$ NN,DV,1
1452,VB HYPH NN,UT,1
1475,VB IN PRP$,FV,1
1460,VB IN DT,MV,1
1523,VB RB JJ,MV,1
1457,VB IN DT,AGV,1
1477,VB IN PRP$,TV,1
1451,VB HYPH NN,RP,1
1461,VB IN DT,R,1
1502,VB PRP NNS,RV,1
1509,VB PRP$ $,TV,1
1513,VB PRP$ NN,R,1
1524,VB RB NN,DV,1
1494,VB NNP CC,TV,1
1491,VB NN IN,TV,1
1492,VB NN JJ,AS,1
1493,"VB NNP ,",RV,1
1510,VB PRP$ JJ,MV,1
1474,VB IN PRP$,DV,1
1479,VB IN VB,RV,1
1473,VB IN PRP,SX,1
1455,VB HYPH RP,RP,1
1454,VB HYPH RP,MP,1
1486,VB JJ TO,MV,1
1450,VB DT ``,RV,1
1468,VB IN NN,SA,1
1485,VB JJ IN,S,1
1464,VB IN DT,TV,1
1469,VB IN NNP,FV,1
1472,VB IN PRP,MV,1
1470,VB IN NNP,S,1
1471,VB IN PDT,RV,1
1456,"VB IN ,",RV,1
1483,VB JJ .,RV,1
1505,VB PRP RB,S,1
1501,VB PRP NN,S,1
1482,VB JJ .,MV,1
1504,VB PRP RB,RV,1
1481,VB IN WRB,FV,1
1487,VB JJR IN,RV,1
1488,VB NN IN,AS,1
1506,VB PRP VB,RV,1
1480,VB IN WP,RV,1
1507,VB PRP VBD,RV,1
1521,VB RB CC,FV,1
1497,VB PRP CC,FV,1
1467,VB IN NN,RV,1
1508,VB PRP VBD,S,1
1465,VB IN IN,RV,1
1496,"VB PRP ,",FV,1
1518,VB PRP$ NNS,RN,1
1453,VB HYPH RP,DN,1
1500,VB PRP DT,S,1
1498,VB PRP DT,DV,1
0,'' IN DT,UN,1
1449,VB DT VBG,FV,1
1280,RB JJR IN,RP,1
1289,RB PRP VBP,DY,1
1288,RB PRP VBD,S,1
1287,RB PRP VBD,RY,1
1286,RB PRP VBD,DY,1
1285,RB PRP MD,R,1
1284,RB PRP MD,MY,1
1283,RB MD VB,S,1
1282,RB MD VB,RY,1
1281,RB MD VB,DY,1
1279,"RB JJR ,",RP,1
1262,RB IN WP,S,1
1278,RB JJ TO,SX,1
1277,RB JJ RB,DY,1
1276,RB JJ NNS,W,1
1274,RB JJ IN,W,1
1273,RB JJ IN,S,1
1271,RB JJ CC,RY,1
1270,RB JJ .,UY,1
1269,RB JJ .,SX,1
1267,RB JJ .,L,1
1290,RB PRP VBP,ID,1
1291,RB PRP VBP,UT,1
1292,RB PRP VBZ,RP,1
1293,RB PRP$ NN,R,1
1318,RB VBD RB,S,1
1317,RB VBD RB,RY,1
1315,RB VBD NN,RY,1
1314,RB VBD CD,W,1
1313,RB VB PRP,RY,1
1312,RB VB PRP,MY,1
1311,RB VB PRP,DY,1
1310,RB VB NN,W,1
1308,RB VB IN,RP,1
1307,RB VB DT,S,1
1305,RB VB DT,RP,1
1303,RB TO VB,RY,1
1302,RB TO VB,R,1
1300,RB RB RB,RY,1
1298,RB RB JJ,RY,1
1297,RB RB IN,W,1
1296,RB RB DT,DY,1
1295,RB PRP$ NN,S,1
1294,RB PRP$ NN,RY,1
1265,"RB JJ ,",X,1
1261,RB IN VBG,RP,1
1320,"RB VBG ,",L,1
1212,RB . NNP,DY,1
1228,RB CC IN,CL,1
1227,"RB CC ,",RY,1
1226,"RB CC ,",DY,1
1225,RB : .,DY,1
1223,RB . _,SX,1
1220,RB . _,RP,1
1216,RB . RB,RY,1
1214,RB . PRP,RP,1
1213,RB . PRP,DY,1
1211,RB . DT,DY,1
1260,RB IN VBG,MY,1
1210,RB -LRB- NNP,MY,1
1208,"RB , _",RY,1
1207,"RB , _",DY,1
1206,"RB , VBZ",RP,1
1205,"RB , UH",UV,1
1204,"RB , RB",S,1
1203,"RB , RB",FY,1
1202,"RB , PRP",RP,1
1200,"RB , IN",RY,1
1229,RB CC IN,R,1
1230,RB CC WRB,DY,1
1233,RB DT NN,RC,1
1234,RB DT NN,RP,1
1259,RB IN PRP$,RP,1
1258,RB IN PRP,RP,1
1257,RB IN PRP,R,1
1255,RB IN NN,UT,1
1254,RB IN NN,S,1
1253,RB IN NN,R,1
1251,RB IN IN,SX,1
1250,RB IN IN,RY,1
1249,RB IN EX,MY,1
1248,RB IN DT,UT,1
1245,RB IN DT,RP,1
1244,RB IN DT,ID,1
1243,RB IN CD,RP,1
1242,RB IN $,R,1
1241,RB HYPH VBN,MP,1
1240,RB DT NNS,S,1
1239,RB DT NNS,RP,1
1238,RB DT NNS,R,1
1236,RB DT NN,RY,1
1319,RB VBD TO,S,1
1321,RB VBG IN,S,1
1448,VB DT VB,RV,1
1406,TO VB VBN,MV,1
1415,"VB , RB",S,1
1414,"VB , DT",RV,1
1413,"VB , .",UV,1
1412,UH IN DT,SX,1
1411,"UH . ,",RP,1
1410,"UH , VB",SX,1
1409,TO VB WP,FV,1
1408,TO VB VBZ,FV,1
1407,TO VB VBN,UT,1
1404,TO VB VBG,UC,1
1388,TO VB PRP$,R,1
1403,TO VB VBG,FV,1
1400,TO VB TO,R,1
1399,TO VB TO,MV,1
1398,TO VB TO,FV,1
1397,TO VB RP,UT,1
1396,TO VB RP,FV,1
1395,TO VB RB,UT,1
1394,TO VB RB,RV,1
1393,TO VB RB,MV,1
1416,VB . IN,S,1
1417,VB . NNS,RV,1
1418,VB . UH,S,1
1419,VB . _,FV,1
1447,VB DT PRP$,S,1
1446,VB DT PRP$,RV,1
1445,VB DT NNS,SX,1
1444,VB DT NNS,S,1
1441,VB DT NNS,AS,1
1440,VB DT NNP,TV,1
1439,VB DT NNP,FV,1
1438,VB DT NN,UV,1
1436,VB DT NN,SX,1
1432,VB DT NN,IV,1
1430,VB DT NN,DV,1
1427,VB DT CD,RV,1
1426,VB CD NNS,FV,1
1425,VB : _,FV,1
1424,VB : NN,RV,1
1423,VB : NN,DV,1
1422,VB . _,UA,1
1421,VB . _,S,1
1420,VB . _,RV,1
1389,TO VB PRP$,RV,1
1387,TO VB PRP$,MV,1
1322,RB VBG RB,RY,1
1334,RB VBZ RB,RP,1
1343,RP DT NN,W,1
1342,RP DT NN,RT,1
1341,RP . _,RJ,1
1340,"RP , .",RT,1
1339,RBR JJ CC,RJ,1
1338,RBR . _,RY,1
1337,RB WP NNS,W,1
1336,RB VBZ RB,S,1
1335,RB VBZ RB,RY,1
1333,RB VBZ PRP,UA,1
1385,TO VB PRP,W,1
1331,RB VBP TO,W,1
1330,RB VBP IN,UV,1
1329,RB VBP CC,S,1
1328,RB VBN JJ,W,1
1327,RB VBN CC,X,1
1326,RB VBN .,RY,1
1325,RB VBN .,R,1
1324,RB VBN .,DY,1
1323,"RB VBN ,",DY,1
1344,RP IN DT,MY,1
1345,RP IN DT,RY,1
1346,RP IN PRP,MY,1
1347,RP JJ NN,MT,1
1384,TO VB PRP,UY,1
1382,TO VB PRP,MV,1
1380,TO VB PDT,UT,1
1375,TO VB IN,UY,1
1373,TO VB IN,RP,1
1525,VB RB RB,FV,1
1366,TO VB DT,UT,1
1362,TO VB CD,UT,1
1361,TO VB CC,UT,1
1360,TO VB CC,R,1
1359,TO VB CC,MV,1
1357,TO VB .,RV,1
1355,"TO VB ,",UY,1
1354,"TO VB ,",UT,1
1353,"TO VB ,",MV,1
1352,"TO VB ,",ID,1
1350,TO VB '',FV,1
1349,RP TO VB,MY,1
1348,RP RB JJ,MY,1
1367,TO VB DT,UY,1
1650,VBD RB WP,UV,1
1526,"VB RP ,",SX,1
1938,VBP TO VB,UV,1
1900,VBP NNS VB,MV,1
1899,VBP NN WDT,UV,1
1898,VBP NN VBZ,AGV,1
1897,VBP NN RB,TV,1
1895,VBP MD VB,RV,1
1894,VBP JJ NNS,W,1
1893,VBP JJ CC,TV,1
1892,VBP JJ .,TV,1
1891,VBP IN RBS,TV,1
1890,VBP IN PRP$,TV,1
1888,VBP IN PRP$,AGV,1
1887,VBP IN PRP,RV,1
1886,VBP IN PRP,FV,1
1885,VBP IN NNS,S,1
1884,VBP IN NNS,IV,1
1883,VBP IN JJS,UV,1
1882,VBP IN JJ,TV,1
1881,VBP IN IN,TV,1
1880,VBP IN IN,SX,1
1877,VBP IN DT,S,1
1876,VBP IN DT,RV,1
1875,VBP IN DT,R,1
1874,VBP IN DT,AS,1
1901,"VBP PRP ,",S,1
1902,VBP PRP .,S,1
1903,VBP PRP CC,DV,1
1920,VBP RB IN,TV,1
1933,VBP TO DT,AGV,1
1932,VBP RP DT,RV,1
1931,"VBP RP ,",RV,1
1930,VBP RB VBN,W,1
1928,VBP RB VBN,MV,1
1927,VBP RB VBG,W,1
1926,VBP RB VBG,MV,1
1925,VBP RB VB,X,1
1923,VBP RB JJ,MP,1
1922,VBP RB JJ,M,1
1919,VBP RB DT,TV,1
1904,VBP PRP CC,TV,1
1918,VBP RB DT,AGV,1
1917,VBP RB :,R,1
1916,VBP RB .,TV,1
1915,"VBP RB ,",R,1
1914,VBP PRP$ NNS,TV,1
1913,VBP PRP$ NN,S,1
1911,VBP PRP$ NN,AGV,1
1909,VBP PRP VBP,SX,1
1906,VBP PRP PRP,RV,1
1905,VBP PRP NN,AS,1
1873,VBP IN DT,AGV,1
1872,VBP IN DT,AGN,1
1871,VBP DT VBN,W,1
1824,"VBN NNP ,",RJ,1
1836,VBN RB JJ,RV,1
1835,VBN RB IN,S,1
1834,VBN RB IN,RV,1
1833,VBN RB DT,TV,1
1832,VBN PRP$ NNS,RV,1
1829,VBN PRP VBP,S,1
1828,VBN PRP TO,R,1
1827,VBN PRP DT,RV,1
1826,VBN NNS IN,IJ,1
1825,VBN NNP IN,TV,1
1823,VBN MD VB,S,1
1838,VBN RB PRP,RV,1
1822,VBN IN PRP$,S,1
1820,VBN IN PDT,TV,1
1818,VBN IN NNS,RV,1
1817,VBN IN NNP,UY,1
1815,VBN IN NNP,IV,1
1814,VBN IN NNP,DV,1
1811,VBN IN NN,DJ,1
1809,VBN IN DT,MV,1
1808,VBN IN DT,DJ,1
1807,VBN IN CD,UV,1
1837,VBN RB PRP,IV,1
1839,VBN RP IN,RV,1
1870,VBP DT VBD,RV,1
1856,VBP CD CC,RV,1
1869,VBP DT NNS,UV,1
1868,VBP DT NNS,TV,1
1867,VBP DT NNS,FV,1
1865,VBP DT NN,SX,1
1863,VBP DT NN,RV,1
1862,VBP DT NN,R,1
1861,VBP DT NN,DV,1
1859,VBP DT JJ,TV,1
1858,VBP CD NNS,SX,1
1857,VBP CD NNS,RV,1
1855,VBP . _,S,1
1844,VBN TO VB,U,1
1854,VBP . TO,AGV,1
1853,VBP . PRP,X,1
1852,VBP . PRP,FV,1
1851,VBN `` IN,R,1
1850,VBN VBZ RB,TV,1
1849,VBN VBZ IN,IV,1
1848,VBN VBN JJ,RV,1
1847,VBN VBG IN,RV,1
1846,VBN VBG DT,TV,1
1845,VBN VBG CC,RV,1
1934,VBP TO VB,AGV,1
1939,VBP VBD JJ,TV,1
1805,"VBN IN ,",TV,1
1940,VBP VBG .,S,1
2034,WDT RB MD,RA,1
2033,WDT PRP VBZ,RA,1
2032,WDT PRP VBD,UN,1
2031,WDT PRP VBD,S,1
2028,WDT NN IN,RP,1
2027,WDT NN DT,UT,1
2023,WDT MD VB,M,1
2022,WDT DT VBP,S,1
2021,WDT CD NNS,S,1
2020,VBZ VBN VBN,UA,1
2018,VBZ VBN IN,TV,1
2017,VBZ VBN DT,UA,1
2016,VBZ VBN DT,AGV,1
2015,VBZ VBG TO,MV,1
2014,VBZ VBG PRP,AS,1
2013,VBZ VBG IN,TV,1
2012,VBZ VBG DT,AGV,1
2011,VBZ TO VB,TV,1
2010,VBZ RB VBN,W,1
2009,VBZ RB VB,X,1
2008,VBZ RB RB,W,1
2007,VBZ RB PRP,AGV,1
2006,VBZ RB JJ,R,1
2035,WDT VBD DT,S,1
2037,WDT VBP DT,MA,1
2038,WDT VBP IN,S,1
2056,WP PRP$ NN,R,1
2066,_ _ _,M,1
2065,WRB PRP VBP,SX,1
2064,WRB PRP VBP,MC,1
2063,WRB PRP VBD,MV,1
2062,WRB PRP VBD,M,1
2061,WRB DT NNS,SX,1
2060,WP VBZ JJ,RA,1
2059,WP VBP IN,RA,1
2058,WP VBD PRP$,RA,1
2057,WP PRP$ NN,UV,1
2054,WP PRP VBD,S,1
2041,WDT VBZ IN,RA,1
2053,WP PRP VBD,R,1
2052,WP NN PRP,UT,1
2051,WP NN PRP,RQ,1
2050,WP NN IN,UA,1
2048,WP MD VB,RA,1
2047,WP MD VB,M,1
2046,WP DT NNS,AS,1
2045,WP DT NN,R,1
2044,WDT VBZ VBG,RA,1
2043,WDT VBZ NN,MA,1
2005,VBZ RB JJ,MV,1
2003,VBZ RB IN,RV,1
2002,VBZ RB IN,AGV,1
1960,VBP VBN RB,AGV,1
1970,VBZ CD NNS,UP,1
1969,VBZ CD IN,UA,1
1968,VBZ CC PRP,AGV,1
1967,VBZ : DT,RV,1
1966,VBZ . _,AGV,1
1965,"VBZ , CC",AGV,1
1964,VBP VBZ WRB,MN,1
1963,"VBP VBZ ,",UY,1
1962,VBP VBN VBG,TV,1
1961,VBP VBN RB,TV,1
1959,VBP VBN PRP$,W,1
1976,VBZ IN DT,M,1
1957,VBP VBN PRP$,AGV,1
1955,VBP VBN NNS,TV,1
1949,VBP VBN DT,AGV,1
1948,VBP VBN CC,TV,1
1947,VBP VBN .,R,1
1946,VBP VBG TO,TV,1
1945,VBP VBG TO,MV,1
1944,VBP VBG PRP,TV,1
1943,VBP VBG PRP,MV,1
1941,VBP VBG DT,RV,1
1974,VBZ DT NN,UA,1
1977,VBZ IN DT,RV,1
2001,VBZ RB CC,AGV,1
1990,"VBZ PRP ,",AGV,1
2000,VBZ PRP$ NNS,AGV,1
1999,VBZ PRP$ NN,TV,1
1998,VBZ PRP$ NN,IV,1
1997,VBZ PRP$ NN,AGV,1
1996,VBZ PRP TO,R,1
1995,VBZ PRP RB,AGV,1
1994,VBZ PRP NN,RV,1
1993,VBZ PRP NN,AGV,1
1992,VBZ PRP JJ,UA,1
1991,VBZ PRP DT,S,1
1989,VBZ PDT PRP$,AGV,1
1978,VBZ IN IN,MV,1
1988,"VBZ NNP ,",AGV,1
1987,VBZ NN JJ,AGV,1
1986,"VBZ NN ,",W,1
1985,VBZ JJR IN,AGV,1
1984,VBZ JJ TO,MV,1
1983,VBZ JJ .,AGV,1
1982,"VBZ JJ ,",AGV,1
1981,VBZ IN VBG,RV,1
1980,VBZ IN PRP,IN,1
1979,VBZ IN NN,R,1
1806,"VBN IN ,",UY,1
1804,VBN DT RBS,TV,1
1528,VB RP DT,R,1
1660,VBD VBG IN,TV,1
1623,VBD PRP DT,TV,1
1622,VBD PRP DT,S,1
1621,VBD PRP DT,RV,1
1620,VBD PRP DT,IV,1
1618,VBD PRP CC,S,1
1615,"VBD PRP ,",RV,1
1614,VBD NNP WP,TV,1
1613,VBD NNP RB,TV,1
1612,VBD NNP RB,AS,1
1611,VBD NNP NNP,RV,1
1610,VBD NNP .,TV,1
1609,VBD NNP .,IV,1
1608,VBD NN JJ,TV,1
1607,VBD NN IN,UV,1
1604,VBD NN .,UV,1
1603,"VBD NN ,",TV,1
1602,VBD JJ TO,TV,1
1601,VBD JJ IN,TV,1
1599,VBD JJ CD,S,1
1598,VBD JJ CC,TV,1
1596,VBD JJ .,S,1
1595,VBD JJ .,RV,1
1594,"VBD JJ ,",S,1
1624,VBD PRP IN,TV,1
1625,VBD PRP PRP,TV,1
1626,VBD PRP VBG,ID,1
1645,VBD RB VBN,RV,1
1658,VBD VBG DT,RV,1
1657,VBD VB DT,TV,1
1655,VBD TO VB,S,1
1653,VBD TO VB,IV,1
1652,VBD TO VB,AGV,1
1651,VBD RBS CC,UY,1
1198,"RB , IN",DY,1
1649,VBD RB WP,UD,1
1648,VBD RB WP,TV,1
1647,VBD RB VBN,W,1
1644,VBD RB VBG,S,1
1627,VBD PRP$ JJ,TV,1
1642,VBD RB TO,TV,1
1641,VBD RB RB,AS,1
1640,VBD RB PRP$,AGV,1
1638,VBD RB IN,TV,1
1637,VBD RB DT,RV,1
1634,VBD RB .,MP,1
1633,"VBD RB ,",RV,1
1632,VBD PRP$ NNS,IV,1
1630,VBD PRP$ NN,SX,1
1628,VBD PRP$ NN,RV,1
1593,"VBD JJ ,",RV,1
1591,VBD IN PRP$,S,1
1589,VBD IN PRP,TV,1
1544,VB VBG RB,RV,1
1554,"VBD , IN",IV,1
1553,"VBD , CC",TV,1
1552,VB WDT MD,FV,1
1551,VB VBZ NN,RV,1
1550,VB VBN RB,R,1
1549,VB VBN PRP$,TV,1
1548,VB VBN JJ,FV,1
1547,VB VBN IN,RV,1
1546,VB VBN DT,RV,1
1545,VB VBN DT,FV,1
1543,VB VBG IN,S,1
1556,"VBD , NNS",MV,1
1542,VB VBG DT,SX,1
1541,"VB VBG ,",FV,1
1540,VB VB DT,R,1
1539,VB TO VB,TV,1
1536,VB TO VB,RP,1
1533,VB TO VB,DV,1
1532,VB RP WP,RV,1
1531,VB RP PRP,R,1
1530,VB RP IN,RV,1
1529,VB RP DT,RV,1
1555,"VBD , IN",TV,1
1557,VBD . CC,RV,1
1588,VBD IN NNS,TV,1
1573,VBD DT NN,SX,1
1587,VBD IN NNS,RV,1
1585,VBD IN NNP,RV,1
1584,VBD IN NN,TV,1
1583,VBD IN DT,UA,1
1581,VBD IN DT,SX,1
1580,VBD IN CD,UQ,1
1578,VBD DT NNS,SX,1
1577,VBD DT NNS,AGV,1
1576,VBD DT NNP,TV,1
1575,VBD DT NN,UA,1
1571,VBD DT NN,IV,1
1558,VBD . IN,TV,1
1570,VBD DT NN,AS,1
1569,VBD DT NN,AGV,1
1567,VBD DT JJ,RV,1
1565,VBD CD NNS,RV,1
1564,VBD CD HYPH,TV,1
1563,VBD CC PRP,TV,1
1562,VBD CC IN,RV,1
1561,VBD . _,TV,1
1560,VBD . _,RV,1
1559,VBD . UH,TV,1
1659,VBD VBG IN,S,1
1662,VBD VBN .,TV,1
1803,VBN DT NNS,TV,1
1664,VBD VBN DT,TV,1
1767,VBG RB JJ,MV,1
1766,VBG RB IN,W,1
1765,VBG RB IN,UY,1
1764,VBG RB IN,S,1
1762,VBG RB DT,RV,1
1761,VBG RB CD,FV,1
1760,VBG RB .,RV,1
1759,VBG PRP$ NNS,S,1
1757,VBG PRP$ NNS,RT,1
1756,VBG PRP$ NNS,AS,1
1755,VBG PRP$ NN,RV,1
1754,VBG PRP$ NN,MT,1
1751,VBG PRP VBP,UT,1
1750,VBG PRP VBP,U,1
1749,VBG PRP VBP,IJ,1
1748,VBG PRP VBP,FV,1
1746,VBG PRP NNS,AS,1
1744,VBG PRP DT,S,1
1743,VBG PDT PRP$,FV,1
1741,VBG NNS PRP,UA,1
1740,VBG NNS IN,FV,1
1739,VBG NNS IN,DV,1
1738,VBG NNS DT,RV,1
1768,VBG RB RB,R,1
1769,VBG RB TO,FV,1
1770,VBG RP .,DV,1
1787,"VBN , RB",S,1
1802,VBN DT NNS,IV,1
1800,VBN DT NN,IV,1
1798,VBN DT IN,IV,1
1796,VBN CC IN,RV,1
1795,VBN CC IN,DJ,1
1794,VBN CC DT,RV,1
1792,VBN . _,S,1
1790,VBN . _,RJ,1
1789,VBN . _,R,1
1788,VBN . '',UA,1
1786,"VBN , IN",S,1
1771,VBG RP .,RV,1
1785,"VBN , IN",RJ,1
1784,"VBN , CC",R,1
1783,VBG WP VBD,FV,1
1782,VBG VBN IN,RV,1
1781,VBG VBN CC,RV,1
1780,VBG VBG IN,SX,1
1779,VBG VBD RB,S,1
1778,VBG VB PRP$,TV,1
1776,VBG TO VB,RV,1
1772,VBG RP CC,RV,1
1737,VBG NNS DT,FV,1
1736,"VBG NNS ,",FV,1
1735,"VBG NNS ,",DN,1
1679,VBG . DT,FV,1
1697,VBG IN CD,FV,1
1696,VBG DT NNS,RT,1
1695,VBG DT NNS,R,1
1694,VBG DT NNS,FV,1
1689,VBG DT NN,ID,1
1686,VBG DT IN,RV,1
1685,VBG DT CD,RT,1
1684,VBG CD NNS,RV,1
1683,VBG CD NNS,IV,1
1681,VBG CC TO,IV,1
1678,"VBG , IN",SX,1
1700,VBG IN DT,U,1
1677,"VBG , DT",RV,1
1676,VBD WRB CD,U,1
1675,VBD WDT VBZ,TV,1
1674,VBD VBZ DT,UV,1
1673,VBD VBZ DT,TV,1
1672,VBD VBN VBG,TV,1
1670,VBD VBN TO,RV,1
1668,VBD VBN PRP$,RV,1
1667,VBD VBN JJ,TV,1
1665,VBD VBN IN,RV,1
1699,VBG IN DT,MV,1
1705,VBG IN NN,RV,1
1734,VBG NN PRP,RT,1
1722,VBG JJ IN,FV,1
1733,VBG NN PRP,R,1
1732,VBG NN IN,TV,1
1731,VBG NN IN,SX,1
1730,VBG NN IN,S,1
1728,VBG NN IN,MT,1
1727,VBG NN IN,FV,1
1726,"VBG NN ,",RT,1
1725,"VBG NN ,",R,1
1724,VBG JJ RB,FV,1
1723,VBG JJ NNS,R,1
1721,VBG JJ CC,RV,1
1706,VBG IN NN,S,1
1718,VBG IN PRP$,W,1
1717,VBG IN PRP$,UT,1
1716,VBG IN PRP$,TV,1
1715,VBG IN PRP$,S,1
1713,VBG IN PRP$,RT,1
1712,VBG IN PRP$,MV,1
1710,VBG IN NNS,FV,1
1709,VBG IN NNP,UY,1
1708,VBG IN NNP,IV,1
1707,VBG IN NNP,FV,1
1199,"RB , IN",FJ,1
1034,"PRP , DT",MA,1
1197,"RB , DT",RY,1
427,IN PRP$ NN,U,1
440,"IN UH ,",R,1
439,IN TO VB,R,1
438,IN TO VB,MT,1
437,IN RB VBG,MT,1
436,IN RB PRP,U,1
435,IN RB IN,RP,1
434,IN RB DT,W,1
433,IN RB $,W,1
430,IN PRP$ NNS,M,1
429,IN PRP$ NNS,ID,1
428,IN PRP$ NNP,RT,1
421,IN PRP WRB,MT,1
477,"JJ , VBG",DJ,1
420,IN PRP VBZ,SX,1
418,IN PRP VBZ,RT,1
417,IN PRP VBZ,MT,1
416,IN PRP VBP,ID,1
415,IN PRP VBG,MT,1
414,IN PRP VBD,M,1
413,IN PRP TO,W,1
411,IN PRP RB,MT,1
410,IN PRP PRP$,MT,1
409,IN PRP MD,R,1
407,IN PRP MD,M,1
441,IN VBG .,MC,1
446,IN VBG PDT,R,1
447,IN VBG PRP,MT,1
448,IN VBG PRP,W,1
475,"JJ , PRP",UA,1
474,"JJ , NNS",RJ,1
473,"JJ , NNP",RJ,1
472,"JJ , IN",S,1
471,"JJ , FW",RJ,1
468,"JJ , CC",X,1
467,"JJ , CC",UV,1
466,"JJ '' ,",S,1
465,IN WRB RB,R,1
464,IN WRB PRP,MT,1
463,IN WRB JJ,R,1
462,IN WP NN,RT,1
461,IN WDT VBZ,RT,1
460,IN WDT PRP,UY,1
459,IN WDT PRP,R,1
458,IN WDT PRP,M,1
456,IN VBZ NN,R,1
455,IN VBZ IN,RT,1
454,IN VBZ DT,SX,1
453,IN VBZ DT,ID,1
452,IN VBN .,SX,1
451,IN VBG VBG,MC,1
450,IN VBG RB,RT,1
406,IN PRP IN,M,1
400,IN PDT DT,UV,1
399,IN PDT DT,MT,1
360,IN IN PRP,R,1
358,IN IN NN,R,1
357,IN IN DT,UY,1
356,IN IN DT,S,1
355,IN IN DT,RY,1
353,IN IN DT,R,1
352,IN IN DT,MY,1
351,IN EX VBZ,R,1
350,IN DT ``,RT,1
348,IN DT RBS,RT,1
347,IN DT PRP,RT,1
346,IN DT NNS,W,1
345,IN DT NNS,SX,1
343,IN DT NNS,RP,1
340,IN DT NNS,ID,1
339,IN DT NNP,UN,1
336,IN DT NN,UY,1
334,IN DT NN,UN,1
333,IN DT NN,U,1
332,IN DT NN,SX,1
321,IN DT JJ,MT,1
320,IN DT JJ,MC,1
317,IN DT IN,R,1
316,IN DT CD,RT,1
359,IN IN PDT,R,1
361,IN IN PRP$,MT,1
398,IN NNS IN,S,1
362,IN IN TO,M,1
397,IN NNP VBP,RT,1
396,IN NNP VBG,MT,1
395,IN NNP RB,RT,1
393,IN NNP PRP,RD,1
389,IN NNP CC,UN,1
388,IN NNP CC,RT,1
387,IN NNP .,UV,1
385,"IN NNP ,",MT,1
384,IN NN _,RT,1
383,IN NN WP,RT,1
381,IN NN PRP,RT,1
380,IN NN JJ,RT,1
379,IN NN IN,U,1
377,IN NN IN,RP,1
374,IN NN IN,DT,1
372,IN NN CC,R,1
371,IN NN .,R,1
370,IN NN .,MT,1
369,"IN NN ,",MT,1
368,IN JJ NNP,ID,1
365,IN JJ HYPH,S,1
364,IN JJ .,MT,1
363,IN IN WDT,MT,1
476,"JJ , RB",RJ,1
478,JJ -RRB- .,UY,1
312,"IN DT ,",DY,1
567,JJ NNS .,IJ,1
582,JJ PRP VBD,SX,1
581,JJ PRP VBD,S,1
580,JJ PRP VBD,RJ,1
579,JJ NNS VBZ,UD,1
578,JJ NNS RB,IJ,1
577,JJ NNS RB,FV,1
575,JJ NNS IN,S,1
574,JJ NNS IN,RJ,1
573,JJ NNS IN,IQ,1
571,JJ NNS CC,UD,1
569,JJ NNS .,S,1
565,"JJ NNS ,",ID,1
479,JJ . .,S,1
564,JJ NNP IN,R,1
563,JJ NNP .,RP,1
562,JJ NN _,DJ,1
561,JJ NN VBZ,R,1
560,JJ NN RB,SX,1
559,JJ NN RB,DJ,1
558,JJ NN PRP,SX,1
557,JJ NN PRP,RJ,1
556,JJ NN IN,UT,1
553,JJ NN IN,RP,1
551,JJ NN IN,R,1
583,JJ PRP VBP,UY,1
584,JJ RB JJ,IQ,1
586,JJ TO VB,MY,1
589,JJ VBD IN,RJ,1
616,MD VB DT,M,1
615,MD VB .,TV,1
613,MD RB VB,S,1
612,MD RB VB,RV,1
609,MD PRP RB,M,1
608,MD DT VB,W,1
607,MD CC VB,MV,1
606,JJS IN PRP,FJ,1
605,JJS IN DT,SX,1
604,JJR PRP$ NN,FJ,1
603,JJR NN IN,FJ,1
602,JJR IN DT,ID,1
601,JJR CC TO,FJ,1
600,JJR CC RBR,UV,1
599,JJR . _,DJ,1
598,JJR . JJ,RJ,1
597,"JJR , NNS",FJ,1
596,"JJR , IN",RJ,1
595,"JJR , IN",FJ,1
594,"JJR , CC",IJ,1
592,JJ WRB PRP,DJ,1
591,"JJ VBG ,",S,1
590,JJ VBD IN,S,1
550,JJ NN IN,MP,1
548,JJ NN DT,RP,1
547,JJ NN .,W,1
511,JJ HYPH NN,RN,1
508,JJ DT NN,S,1
507,JJ DT NN,RT,1
506,JJ CD CC,UD,1
505,JJ CC RB,ID,1
504,JJ CC NNS,UV,1
503,JJ CC IN,S,1
502,JJ CC DT,RJ,1
501,JJ CC DT,IJ,1
500,"JJ CC ,",DJ,1
499,JJ . _,SA,1
497,JJ . _,RY,1
496,JJ . _,RP,1
494,JJ . _,FV,1
491,JJ . RB,RJ,1
490,JJ . RB,MJ,1
489,JJ . RB,DJ,1
488,JJ . NNS,S,1
487,JJ . NNS,RJ,1
485,JJ . IN,RJ,1
484,JJ . DT,S,1
483,JJ . DT,RJ,1
482,JJ . CD,S,1
480,JJ . CC,RJ,1
509,JJ HYPH JJ,MP,1
512,JJ IN .,RJ,1
546,JJ NN .,UT,1
513,JJ IN .,S,1
544,JJ NN .,DJ,1
542,"JJ NN ,",RP,1
540,"JJ NN ,",R,1
539,"JJ NN ,",CQ,1
538,JJ JJ NN,MY,1
537,JJ JJ NN,MV,1
536,JJ JJ IN,S,1
535,JJ IN WRB,DJ,1
534,JJ IN WP,S,1
533,JJ IN RB,DJ,1
532,JJ IN PRP$,UV,1
531,JJ IN PRP,DJ,1
529,JJ IN NNS,RJ,1
527,JJ IN NN,DJ,1
526,JJ IN JJS,DJ,1
525,JJ IN IN,RJ,1
523,JJ IN FW,S,1
522,JJ IN EX,RJ,1
521,JJ IN DT,SX,1
519,JJ IN DT,RV,1
518,JJ IN DT,RP,1
516,JJ IN DT,FJ,1
514,JJ IN CD,S,1
315,IN DT CD,ID,1
311,IN CD PRP,RT,1
1196,"RB , DT",R,1
110,CC JJ .,R,1
124,CC PRP$ NN,R,1
123,CC PRP VBZ,RP,1
122,CC PRP VBD,UT,1
119,CC PRP MD,MC,1
118,"CC NNS ,",MC,1
117,CC NNP .,RC,1
116,CC NN RB,UY,1
115,CC NN RB,RT,1
113,CC JJ NN,RC,1
112,CC JJ IN,SX,1
111,CC JJ IN,RC,1
109,CC IN WDT,MC,1
156,DT IN DT,R,1
108,CC IN IN,UY,1
107,CC IN DT,SX,1
104,CC DT NN,W,1
103,CC DT NN,RC,1
102,CC DT NN,R,1
101,CC DT NN,ID,1
100,CC DT JJS,RP,1
99,CC DT .,UC,1
98,"CC , IN",R,1
96,: _ _,MP,1
95,: PRP MD,MP,1
125,CC PRP$ NNS,RC,1
126,CC RB IN,RP,1
127,CC RB IN,SX,1
128,CC RB NN,R,1
153,DT CC PRP,MA,1
151,DT . DT,UN,1
150,DT . DT,MP,1
149,"DT , VBG",FA,1
148,"DT , IN",SX,1
147,CD NNS POS,UT,1
145,CD NNS IN,UD,1
144,CD NN PRP,R,1
143,CD NN NN,FJ,1
142,CD NN JJ,IJ,1
141,CD IN NNS,S,1
140,CD HYPH NN,RP,1
139,CD HYPH NN,R,1
138,CD CD NNS,S,1
137,CD CC CD,W,1
136,CD CC CD,UA,1
135,CC WRB PRP,MC,1
134,CC WP NN,SX,1
133,CC VB PRP,MC,1
132,CC VB DT,R,1
131,CC TO VB,UA,1
130,CC RB PRP,RC,1
129,CC RB PRP,R,1
93,. _ _,UT,1
88,. WRB .,MP,1
87,. VBP PRP,UT,1
48,", VB RB",MP,1
44,", TO VB",MP,1
43,", RB VBD",UT,1
41,", RB PRP",RP,1
40,", RB PRP",MP,1
39,", RB NN",MP,1
38,", RB JJ",MP,1
37,", RB IN",MP,1
36,", RB DT",MP,1
35,", RB CC",MP,1
32,", PRP$ JJ",MP,1
29,", PRP VBD",W,1
26,", NNP VBD",MP,1
24,", NN IN",MP,1
23,", NN .",MP,1
22,", JJ NN",MP,1
20,", IN PRP",UN,1
16,", IN IN",MP,1
13,", IN ,",MP,1
12,", DT VBZ",UY,1
11,", DT VBZ",RA,1
9,", CD NNS",MP,1
7,", CC TO",MP,1
4,", CC IN",MP,1
46,", VB JJ",MP,1
51,", VBG NN",MP,1
86,. VBG NN,MP,1
52,", VBG NN",RT,1
84,. RB PRP,MP,1
83,". RB ,",U,1
82,. PRP VBZ,MP,1
81,. PRP VBZ,M,1
80,. PRP VBP,U,1
79,. PRP VBP,MP,1
78,. PRP VBD,RP,1
76,. PRP MD,MP,1
74,. IN NN,MP,1
73,. IN DT,UT,1
72,. IN DT,RP,1
71,. EX VBD,MP,1
70,. DT VBZ,MP,1
69,. CC RB,MP,1
68,. CC DT,MP,1
67,", _ _",MP,1
65,", WP VBD",MP,1
64,", WP IN",MP,1
59,", VBZ VBN",MP,1
58,", VBZ FW",MP,1
56,", VBN IN",DJ,1
55,", VBG VBN",MP,1
53,", VBG RB",MP,1
155,DT CD NNS,MD,1
157,DT IN DT,RA,1
310,IN CD NNS,SX,1
264,DT NNS VBP,W,1
277,DT VBZ IN,RA,1
276,DT VBZ DT,UT,1
274,DT VBZ .,RA,1
273,DT VBP PDT,AGA,1
272,DT VBP IN,RA,1
271,DT VBD DT,RA,1
270,DT VB IN,RA,1
269,"DT VB ,",RA,1
268,DT RB TO,MA,1
267,DT NNS WP,UT,1
266,DT NNS VBZ,UT,1
263,DT NNS VBP,MD,1
158,DT IN DT,RP,1
262,DT NNS VBD,MD,1
261,DT NNS TO,R,1
260,DT NNS TO,MQ,1
259,DT NNS PRP,UT,1
258,DT NNS NNS,UY,1
257,DT NNS NN,ID,1
256,DT NNS MD,M,1
255,DT NNS JJ,X,1
251,DT NNS IN,RD,1
248,DT NNS DT,UT,1
247,DT NNS CC,UT,1
278,DT VBZ NN,RA,1
279,DT VBZ PRP$,MA,1
280,DT VBZ PRP$,RA,1
281,DT VBZ PRP$,S,1
307,IN CD NNP,MT,1
306,IN CD NN,MT,1
304,IN CC WP,MT,1
303,IN CC RB,MT,1
302,IN . RB,RT,1
301,IN . PRP,MT,1
300,"IN , VBZ",MT,1
298,"IN , DT",MT,1
297,HYPH RB .,MP,1
296,HYPH . IN,UN,1
295,EX VBZ DT,RA,1
294,EX VBP NNS,M,1
293,EX VBP DT,W,1
292,EX VBP DT,MA,1
291,EX VBG RB,R,1
290,EX VBD IN,R,1
288,EX VBD DT,MA,1
287,EX VBD DT,AS,1
286,EX MD VB,SX,1
285,EX MD VB,RA,1
284,EX MD VB,MY,1
283,EX MD VB,MA,1
282,DT WP VBD,UT,1
246,DT NNS CC,UA,1
244,"DT NNS ,",MD,1
242,DT NNP RB,R,1
204,DT NN IN,UC,1
197,DT NN IN,M,1
196,DT NN IN,ID,1
195,DT NN DT,W,1
194,DT NN DT,RD,1
191,DT NN CC,UC,1
188,DT NN CC,MQ,1
187,DT NN CC,MD,1
186,DT NN :,UT,1
185,DT NN :,R,1
183,DT NN .,RD,1
181,DT NN .,MQ,1
179,DT NN -RRB-,MQ,1
177,"DT NN ,",UQ,1
176,"DT NN ,",U,1
175,"DT NN ,",RP,1
174,"DT NN ,",R,1
169,DT JJ NNS,W,1
167,DT JJ NNS,R,1
166,DT JJ NNS,AGD,1
165,DT JJ NN,W,1
164,DT JJ NN,UV,1
160,DT JJ NN,ID,1
159,DT IN PRP$,UT,1
202,DT NN IN,S,1
205,DT NN IN,UD,1
241,DT NNP RB,MD,1
207,DT NN IN,UV,1
239,DT NNP .,MD,1
238,"DT NNP ,",R,1
237,"DT NNP ,",MD,1
236,"DT NNP ,",FD,1
235,DT NN WRB,UT,1
234,DT NN WDT,UT,1
231,DT NN VBZ,AGN,1
229,DT NN VBD,R,1
227,DT NN TO,R,1
224,DT NN TO,M,1
223,DT NN RB,W,1
222,DT NN PRP,W,1
220,DT NN PRP,S,1
219,DT NN PRP,RP,1
218,DT NN PRP,R,1
217,DT NN PRP,MD,1
216,DT NN PRP,AS,1
215,DT NN POS,UV,1
214,DT NN NNP,MD,1
213,DT NN NN,UT,1
211,DT NN MD,RA,1
210,DT NN MD,MD,1
209,DT NN JJ,S,1
617,MD VB DT,MV,1
620,MD VB IN,RP,1
622,MD VB IN,S,1
1009,NNS VBD JJ,DN,1
1021,NNS VBZ DT,AGN,1
1020,NNS VBP VBN,U,1
1019,NNS VBP VBG,U,1
1017,NNS VBP IN,R,1
1016,NNS VBP DT,RN,1
1015,NNS VBP CC,AGN,1
1014,NNS VBP .,U,1
1013,NNS VBG NNS,RN,1
1012,NNS VBG DT,S,1
1011,NNS VBD TO,RN,1
1010,NNS VBD TO,AGN,1
1008,NNS VBD JJ,AGN,1
1062,PRP NN IN,MA,1
1007,NNS VBD IN,S,1
1006,NNS VBD DT,RN,1
1005,NNS TO VB,S,1
1004,NNS TO VB,FN,1
1003,NNS RB VBP,UV,1
1002,NNS RB PRP,AGN,1
1001,NNS RB PDT,UD,1
1000,NNS RB JJ,AGN,1
999,"NNS RB ,",UD,1
998,NNS PRP VBZ,M,1
997,NNS PRP VBP,S,1
1022,NNS VBZ JJ,S,1
1025,NNS WDT PRP,MD,1
1026,NNS WDT PRP,RN,1
1027,NNS WDT PRP,S,1
1060,PRP MD VB,U,1
1057,PRP MD VB,R,1
1054,PRP MD VB,AGA,1
1053,PRP MD RB,W,1
1052,PRP MD .,M,1
1050,PRP JJ NN,MQ,1
1048,PRP IN PRP$,M,1
1047,PRP IN PRP,R,1
1046,PRP IN PRP,MA,1
1045,PRP IN NNP,AGA,1
1044,PRP IN DT,SX,1
1043,PRP IN DT,RA,1
1041,PRP DT VBD,R,1
1039,PRP CC PRP,UT,1
1038,PRP CC PRP,MA,1
1036,PRP . RB,MA,1
1035,PRP . DT,UT,1
1033,"PRP , CC",MA,1
1032,"PRP , .",UT,1
1031,PDT DT NNS,W,1
1030,NNS WRB RB,R,1
1029,NNS WP VBD,MA,1
1028,NNS WDT VBP,AGN,1
996,NNS PRP VBP,DN,1
995,NNS POS RB,MP,1
993,NNS PDT DT,MN,1
959,NNS CC TO,RN,1
957,NNS CC NN,SX,1
956,NNS CC IN,SA,1
955,NNS CC DT,S,1
954,NNS CC DT,FN,1
952,NNS . _,UQ,1
950,NNS . _,RN,1
948,NNS . _,DN,1
946,NNS . IN,RN,1
945,"NNS , RB",S,1
944,"NNS , RB",RP,1
943,"NNS , RB",RN,1
942,"NNS , RB",IN,1
940,"NNS , RB",AGN,1
938,"NNS , NNP",S,1
937,"NNS , NN",UP,1
934,"NNS , DT",S,1
933,"NNS , DT",L,1
932,"NNS , DT",IN,1
930,"NNS , CC",U,1
929,"NNS , .",S,1
928,NNP VBZ PRP$,RP,1
926,NNP RB RB,W,1
925,NNP RB PRP,RP,1
958,NNS CC NNS,FN,1
960,NNS CC VB,MN,1
992,NNS NNS DT,DJ,1
961,NNS DT NN,UT,1
991,NNS NNP VBZ,W,1
990,NNS NN IN,FN,1
988,NNS JJR .,AGN,1
987,NNS JJ JJ,S,1
986,NNS JJ IN,AGN,1
985,NNS JJ CC,S,1
984,NNS JJ .,AGN,1
983,"NNS JJ ,",ID,1
982,NNS IN ``,AGN,1
981,NNS IN WP,RN,1
980,NNS IN VBG,UP,1
979,NNS IN VBD,RN,1
978,NNS IN NNS,W,1
977,NNS IN NNS,S,1
976,NNS IN NNS,IN,1
972,NNS IN NNP,R,1
971,NNS IN NNP,AGN,1
969,NNS IN NN,RN,1
968,NNS IN NN,IQ,1
967,NNS IN NN,FN,1
966,NNS IN DT,S,1
965,NNS IN DT,M,1
964,NNS IN DT,L,1
1061,PRP MD VB,W,1
1063,PRP NN IN,MD,1
624,MD VB IN,W,1
1150,PRP$ JJ CC,DD,1
1163,PRP$ NN IN,AGD,1
1162,PRP$ NN CC,R,1
1161,PRP$ NN CC,AGD,1
1160,PRP$ NN .,UT,1
1159,PRP$ NN .,UQ,1
1158,PRP$ NN .,S,1
1156,"PRP$ NN ,",UP,1
1155,"PRP$ NN ,",DD,1
1154,"PRP$ NN ,",AGD,1
1152,PRP$ JJ NNS,W,1
1151,PRP$ JJ NN,DD,1
1149,PRP WRB PRP,MA,1
1064,PRP PDT DT,MA,1
1146,PRP VBZ TO,MA,1
1145,PRP VBZ RB,MP,1
1142,PRP VBZ PRP$,W,1
1141,PRP VBZ PRP$,RA,1
1140,PRP VBZ NN,MP,1
1139,PRP VBZ JJ,MP,1
1137,PRP VBZ JJ,M,1
1136,PRP VBZ JJ,AS,1
1135,PRP VBZ IN,U,1
1134,PRP VBZ IN,RA,1
1132,PRP VBZ IN,AGA,1
1164,PRP$ NN IN,DD,1
1165,PRP$ NN IN,MA,1
1166,PRP$ NN IN,MD,1
1167,PRP$ NN IN,RD,1
1195,"RB , CC",MY,1
1194,"RB , .",SX,1
1193,"RB , .",S,1
1191,"PRP$ RB ,",RP,1
1189,PRP$ NNS WP,UT,1
1188,PRP$ NNS VBD,W,1
1187,PRP$ NNS CC,RP,1
1185,PRP$ NN VBZ,W,1
1184,PRP$ NN VBZ,R,1
1183,PRP$ NN VBD,UC,1
1182,PRP$ NN VBD,MD,1
1181,PRP$ NN TO,UT,1
1180,PRP$ NN RBR,W,1
1177,PRP$ NN RB,MD,1
1176,PRP$ NN NNP,AGD,1
1175,PRP$ NN NN,W,1
1174,PRP$ NN NN,UJ,1
1173,PRP$ NN NN,UA,1
1172,PRP$ NN JJR,W,1
1171,PRP$ NN JJR,DI,1
1170,PRP$ NN JJ,UC,1
1169,PRP$ NN IN,SX,1
1168,PRP$ NN IN,S,1
1131,PRP VBZ DT,RA,1
1130,PRP VBZ DT,MP,1
1129,PRP VBZ DT,MA,1
1096,PRP VBD RB,UC,1
1094,PRP VBD PRP$,R,1
1093,PRP VBD PRP$,MA,1
1092,PRP VBD NNP,UC,1
1091,PRP VBD JJ,MA,1
1089,PRP VBD IN,MA,1
1088,PRP VBD IN,DA,1
1087,PRP VBD DT,W,1
1086,PRP VBD DT,UV,1
1085,PRP VBD DT,RP,1
1083,PRP VBD DT,R,1
1081,PRP VBD CD,M,1
1080,PRP VBD .,R,1
1079,PRP VBD .,MA,1
1078,PRP VB DT,MA,1
1077,PRP VB .,DA,1
1076,PRP TO VB,IA,1
1075,PRP TO VB,AGA,1
1074,PRP RB _,S,1
1072,PRP RB PRP,MA,1
1070,PRP RB IN,MA,1
1068,PRP RB .,DA,1
1067,PRP PRP$ NN,R,1
1065,"PRP PRP ,",RA,1
1095,PRP VBD RB,R,1
1097,PRP VBD TO,R,1
1128,PRP VBZ CD,MP,1
1098,PRP VBD VBD,R,1
1127,PRP VBZ .,UV,1
1126,"PRP VBZ ,",MA,1
1125,PRP VBP VBN,UN,1
1124,PRP VBP VBN,MA,1
1122,PRP VBP VBG,R,1
1121,PRP VBP VBG,M,1
1120,PRP VBP TO,RP,1
1119,PRP VBP RB,X,1
1117,PRP VBP RB,UP,1
1115,PRP VBP RB,R,1
1114,PRP VBP RB,M,1
1113,PRP VBP PRP$,W,1
1112,PRP VBP PRP,MA,1
1111,PRP VBP NN,RA,1
1110,PRP VBP IN,UV,1
1109,PRP VBP IN,RA,1
1108,PRP VBP IN,MA,1
1105,PRP VBP DT,AG,1
1104,PRP VBP CD,R,1
1103,PRP VBP .,RA,1
1102,PRP VBP .,M,1
1101,PRP VBD WRB,DA,1
1099,PRP VBD VBN,R,1
924,NNP RB IN,S,1
923,NNP PRP$ NN,S,1
922,NNP PRP VBD,S,1
718,NN CC JJ,UD,1
731,NN FW .,S,1
730,NN DT HYPH,RN,1
729,NN DT .,RN,1
728,NN CD NN,W,1
727,NN CD NN,MN,1
726,NN CD CC,MN,1
725,"NN CD ,",UD,1
724,NN CC VBZ,S,1
722,NN CC RB,UD,1
721,NN CC PRP$,S,1
720,NN CC PRP,UD,1
717,NN CC IN,S,1
920,NNP POS JJS,MP,1
716,NN CC IN,RP,1
715,NN CC IN,RN,1
714,NN CC IN,FN,1
713,NN CC IN,CN,1
710,NN CC DT,RP,1
708,NN CC DT,FN,1
707,NN CC DT,DN,1
706,NN CC DT,CN,1
704,NN : _,RP,1
703,NN : RB,MA,1
702,NN : DT,RP,1
732,NN FW .,UT,1
733,NN HYPH NN,MP,1
736,NN IN DT,ID,1
737,NN IN DT,M,1
777,NN IN PRP,IN,1
776,NN IN PDT,S,1
775,NN IN PDT,RN,1
773,NN IN NNS,RP,1
771,NN IN NNS,M,1
769,NN IN NNS,AGN,1
768,NN IN NNP,UJ,1
765,NN IN NNP,RP,1
761,NN IN NNP,DN,1
760,NN IN NN,W,1
758,NN IN NN,UJ,1
756,NN IN NN,SA,1
752,NN IN NN,ID,1
751,NN IN JJ,MQ,1
750,NN IN IN,UN,1
748,NN IN IN,RP,1
747,NN IN IN,M,1
746,NN IN IN,AGN,1
745,NN IN DT,X,1
744,NN IN DT,UV,1
743,NN IN DT,UN,1
742,NN IN DT,SX,1
740,NN IN DT,RP,1
701,NN : .,RN,1
700,"NN : ,",UD,1
699,NN . _,UY,1
664,"NN , NN",SX,1
662,"NN , MD",SX,1
661,"NN , IN",UJ,1
660,"NN , IN",SX,1
654,"NN , DT",RP,1
653,"NN , DT",RN,1
652,"NN , DT",AGN,1
651,"NN , CC",S,1
649,"NN , .",RP,1
648,"NN , .",DN,1
647,MD VB VBN,UY,1
646,MD VB VBN,UA,1
644,MD VB VBG,MV,1
640,MD VB TO,L,1
639,MD VB RBR,TV,1
638,MD VB RBR,RV,1
637,MD VB RB,UA,1
634,MD VB RB,MN,1
633,MD VB PRP$,TV,1
632,MD VB PRP$,RV,1
631,MD VB PRP,UA,1
629,MD VB NNS,TV,1
628,MD VB JJS,RV,1
627,MD VB JJR,TV,1
663,"NN , NN",FV,1
665,"NN , NN",UC,1
698,NN . _,U,1
666,"NN , PRP",UJ,1
696,NN . _,SA,1
694,NN . _,RP,1
692,NN . _,R,1
690,NN . RB,SX,1
689,NN . RB,RP,1
688,NN . PRP$,DN,1
687,NN . PRP,UA,1
686,NN . PRP,MN,1
682,NN . IN,FN,1
681,NN . IN,AGN,1
680,NN . DT,R,1
679,NN . DT,MN,1
678,NN . CC,RP,1
677,NN -RRB- .,DN,1
676,NN -LRB- NNS,MN,1
675,"NN , _",S,1
674,"NN , VBP",S,1
673,"NN , VBG",FV,1
672,"NN , VBD",FN,1
670,"NN , RB",RP,1
669,"NN , RB",MA,1
668,"NN , RB",FN,1
667,"NN , PRP",W,1
778,NN IN PRP,MN,1
779,NN IN TO,S,1
780,NN IN VBG,ID,1
888,NN WDT VBZ,R,1
884,NN WDT DT,RN,1
883,NN VBZ VBN,RA,1
882,NN VBZ TO,RP,1
881,NN VBZ TO,RN,1
880,NN VBZ RB,W,1
877,NN VBZ JJ,SA,1
874,NN VBZ IN,RA,1
872,NN VBZ IN,FN,1
871,NN VBZ IN,DN,1
870,NN VBZ DT,S,1
868,NN VBZ DT,RN,1
867,NN VBG PRP,R,1
866,NN VBG IN,S,1
865,NN VBG DT,MA,1
864,NN VBD TO,S,1
863,NN VBD TO,RN,1
862,NN VBD NN,RA,1
859,NN VBD JJ,DN,1
856,NN VB IN,RN,1
853,NN TO VB,MN,1
852,NN TO VB,FV,1
851,NN TO VB,FN,1
850,NN TO VB,DN,1
885,NN WDT DT,S,1
889,NN WDT VBZ,U,1
848,NN RB RB,UD,1
890,NN WP VBD,RP,1
919,NNP NNPS NN,W,1
918,NNP NNP IN,S,1
917,NNP NNP DT,W,1
916,NNP NNP CC,S,1
914,NNP NN IN,U,1
913,NNP NN DT,S,1
912,"NNP NN ,",W,1
911,NNP IN PRP,UT,1
909,NNP IN NN,S,1
908,NNP IN IN,RP,1
906,NNP CC NNP,W,1
905,NNP CC DT,S,1
904,NNP . _,UD,1
902,NNP . CC,S,1
900,"NNP , WDT",UT,1
899,"NNP , RB",UD,1
898,"NNP , RB",S,1
897,"NNP , PRP$",RP,1
895,"NNP , DT",UD,1
894,"NNP , DT",S,1
893,"NNP , :",AGN,1
892,NNP '' VBZ,UD,1
891,NN WRB RB,S,1
849,NN RBR .,W,1
847,NN RB PRP,S,1
782,"NN JJ ,",X,1
814,NN NNS .,S,1
812,"NN NNS ,",W,1
811,"NN NNS ,",RP,1
810,NN NNP IN,W,1
809,"NN NNP ,",FN,1
808,NN NN VBZ,RN,1
807,NN NN VBD,W,1
805,NN NN PRP,S,1
804,NN NN NN,W,1
803,NN NN JJ,RN,1
802,NN NN IN,W,1
800,NN NN IN,SA,1
799,NN NN IN,S,1
798,NN NN IN,RP,1
796,NN NN IN,CN,1
794,NN NN CC,W,1
792,NN NN .,RP,1
791,NN NN .,RN,1
790,"NN NN ,",RN,1
789,"NN NN ,",RJ,1
788,"NN NN ,",MN,1
785,NN JJ IN,RP,1
784,NN JJ HYPH,S,1
783,NN JJ .,UT,1
813,NN NNS .,AGN,1
815,NN NNS .,U,1
846,NN RB PRP,RN,1
816,NN NNS .,W,1
845,NN RB JJ,S,1
844,NN RB JJ,RP,1
843,NN RB JJ,RN,1
842,"NN RB ,",W,1
839,NN PRP VBZ,FN,1
838,NN PRP VBP,S,1
837,NN PRP VBP,RN,1
836,NN PRP VBP,MN,1
835,NN PRP VBP,DN,1
834,NN PRP VBP,CN,1
832,NN PRP VBD,UN,1
831,NN PRP VBD,SX,1
829,NN PRP VBD,MA,1
828,NN PRP VBD,DN,1
827,NN PRP MD,MN,1
826,NN POS NNS,S,1
824,NN POS NN,RP,1
822,NN POS NN,MN,1
821,NN NNS VBD,RP,1
820,NN NNS RB,RN,1
819,NN NNS PDT,CN,1
818,NN NNS IN,MJ,1
817,NN NNS IN,DN,1
2068,`` IN NNP,UN,1
