,correct_trigram_poss,error_type,count
1264,VERB DET NOUN,RV,75
1109,VERB ADP DET,RV,60
1267,VERB DET NOUN,TV,41
1265,VERB DET NOUN,S,39
1112,VERB ADP DET,TV,33
1367,VERB PART VERB,TV,33
540,DET ADJ NOUN,MD,30
1521,VERB VERB ADP,TV,30
1258,VERB DET NOUN,FV,29
1542,VERB VERB DET,TV,28
828,PART VERB DET,FV,25
887,PRON VERB ADV,MA,25
1364,VERB PART VERB,RV,25
895,PRON VERB DET,MA,25
1561,VERB VERB PRON,TV,24
816,PART VERB ADP,FV,24
1103,VERB ADP DET,FV,23
915,PRON VERB VERB,MA,22
1215,VERB ADV VERB,TV,21
1239,VERB DET ADJ,RV,21
1131,VERB ADP PRON,FV,20
1133,VERB ADP PRON,IV,19
1110,VERB ADP DET,S,19
1554,VERB VERB PART,TV,18
1255,VERB DET NOUN,AGV,18
219,ADP DET NOUN,M,17
1513,VERB VERB ADJ,TV,17
115,ADJ NOUN PUNCT,S,17
1260,VERB DET NOUN,IV,16
1135,VERB ADP PRON,RV,16
1380,VERB PRON ADP,RV,16
1365,VERB PART VERB,S,15
17,ADJ ADP DET,S,15
882,PRON VERB ADJ,MA,15
1037,PUNCT VERB ADP,MP,15
1138,VERB ADP PRON,TV,14
838,PART VERB PRON,FV,14
1073,VERB ADJ NOUN,RV,14
552,DET ADV ADJ,MD,14
1436,VERB PRON VERB,RV,14
922,PRON VERB VERB,W,13
1567,VERB VERB PUNCT,TV,13
1428,VERB PRON PUNCT,RV,13
130,ADJ PART VERB,S,13
598,DET NOUN VERB,W,13
73,ADJ NOUN ADP,RJ,12
1290,VERB NOUN ADP,RV,12
884,PRON VERB ADP,MA,12
1121,VERB ADP NOUN,RV,12
1429,VERB PRON PUNCT,S,12
113,ADJ NOUN PUNCT,RJ,12
1383,VERB PRON ADP,TV,11
1241,VERB DET ADJ,TV,11
993,PUNCT ADV PRON,MP,11
1530,VERB VERB ADV,TV,11
1518,VERB VERB ADP,RV,11
1136,VERB ADP PRON,S,11
1321,VERB NOUN PUNCT,RV,10
500,AUX ADV VERB,RP,10
1104,VERB ADP DET,IV,10
1218,VERB ADV VERB,W,10
1574,VERB VERB VERB,TV,10
1381,VERB PRON ADP,S,10
1539,VERB VERB DET,RV,10
1288,VERB NOUN ADP,FV,10
183,ADJ PUNCT _,S,10
306,ADV ADJ PUNCT,DY,9
308,ADV ADJ PUNCT,RY,9
800,NUM PUNCT NUM,MP,9
1512,VERB VERB ADJ,RV,9
75,ADJ NOUN ADP,S,9
280,ADP VERB DET,MT,9
1237,VERB DET ADJ,FV,9
495,ADV _ _,DY,9
151,ADJ PUNCT CCONJ,S,9
988,PUNCT ADV ADV,MP,9
1361,VERB PART VERB,MV,9
1426,VERB PRON PUNCT,FV,9
995,PUNCT ADV PUNCT,MP,9
579,DET NOUN NOUN,MD,9
1212,VERB ADV VERB,MV,9
1006,PUNCT CCONJ PRON,MP,9
15,ADJ ADP DET,RJ,9
1118,VERB ADP NOUN,FV,9
987,PUNCT ADV ADP,MP,8
27,ADJ ADP PRON,S,8
1401,VERB PRON DET,RV,8
1120,VERB ADP NOUN,IV,8
1503,VERB PUNCT _,RV,8
1360,VERB PART VERB,IV,8
1256,VERB DET NOUN,AS,8
1060,VERB ADJ ADP,RV,8
44,ADJ CCONJ ADJ,S,8
180,ADJ PUNCT _,RJ,8
1534,VERB VERB DET,AGV,8
1039,PUNCT VERB DET,MP,8
607,DET PROPN PROPN,MD,8
1430,VERB PRON PUNCT,TV,7
190,ADP ADJ NOUN,MT,7
1416,VERB PRON PART,TV,7
1437,VERB PRON VERB,S,7
274,ADP PUNCT PRON,MT,7
169,ADJ PUNCT PRON,S,7
1414,VERB PRON PART,RV,7
914,PRON VERB VERB,M,7
1489,VERB PUNCT PRON,RV,7
1206,VERB ADV PUNCT,RV,7
1387,VERB PRON ADV,FV,7
431,ADV PUNCT _,DY,7
1547,VERB VERB NOUN,TV,7
1537,VERB VERB DET,MV,7
317,ADV ADP DET,RY,7
1154,VERB ADV ADJ,AGV,7
1551,VERB VERB PART,MV,7
1336,VERB NUM NOUN,TV,7
318,ADV ADP DET,S,7
1050,PUNCT _ _,MP,7
1122,VERB ADP NOUN,S,7
885,PRON VERB ADP,UV,6
1402,VERB PRON DET,S,6
442,ADV VERB ADJ,W,6
1323,VERB NOUN PUNCT,TV,6
1558,VERB VERB PRON,MV,6
1317,VERB NOUN PUNCT,FV,6
833,PART VERB NOUN,FV,6
1157,VERB ADV ADJ,MV,6
1033,PUNCT PUNCT PRON,MP,6
1266,VERB DET NOUN,SX,6
1043,PUNCT VERB PRON,MP,6
1549,VERB VERB PART,AGV,6
1471,VERB PUNCT DET,RV,6
1213,VERB ADV VERB,RV,6
277,ADP VERB ADP,MT,6
1252,VERB DET DET,RV,6
546,DET ADJ NOUN,W,6
541,DET ADJ NOUN,MQ,6
1392,VERB PRON ADV,TV,6
1235,VERB DET ADJ,AGV,6
129,ADJ PART VERB,RJ,6
1439,VERB PRON VERB,TV,6
221,ADP DET NOUN,R,6
1099,VERB ADP DET,AGV,6
843,PART VERB PUNCT,FV,6
1354,VERB PART PUNCT,RV,6
121,ADJ NOUN VERB,S,6
1572,VERB VERB VERB,RV,5
1186,VERB ADV DET,AGV,5
1359,VERB PART VERB,FV,5
1208,VERB ADV PUNCT,TV,5
1027,PUNCT PROPN PUNCT,MP,5
436,ADV PUNCT _,RY,5
822,PART VERB ADV,FV,5
1054,PUNCT _ _,UY,5
10,ADJ ADP DET,DJ,5
886,PRON VERB ADV,M,5
997,PUNCT ADV VERB,MP,5
1553,VERB VERB PART,RV,5
501,AUX ADV VERB,RV,5
1342,VERB PART ADP,TV,5
23,ADJ ADP PRON,DJ,5
26,ADJ ADP PRON,RJ,5
1562,VERB VERB PUNCT,AGV,5
332,ADV ADP VERB,S,5
1084,VERB ADJ PUNCT,RV,5
847,PART VERB VERB,FV,5
1219,VERB ADV VERB,X,5
1526,VERB VERB ADV,MV,5
814,PART VERB ADJ,FV,5
385,ADV PRON VERB,RP,5
262,ADP PRON VERB,S,5
1161,VERB ADV ADJ,TV,5
626,DET VERB VERB,MA,5
857,PRON ADV PRON,MA,5
1159,VERB ADV ADJ,RV,5
1514,VERB VERB ADP,AGV,5
526,CCONJ PRON VERB,RC,5
104,ADJ NOUN PRON,S,5
571,DET NOUN ADP,W,5
979,PUNCT ADJ NOUN,MP,5
1505,VERB PUNCT _,TV,5
160,ADJ PUNCT NOUN,RJ,5
504,CCONJ ADJ NOUN,M,4
1014,PUNCT INTJ PUNCT,MP,4
1214,VERB ADV VERB,S,4
1391,VERB PRON ADV,S,4
1261,VERB DET NOUN,R,4
1333,VERB NUM NOUN,FV,4
1199,VERB ADV PRON,TV,4
1347,VERB PART DET,RV,4
1390,VERB PRON ADV,RV,4
867,PRON DET NOUN,R,4
1432,VERB PRON VERB,AGV,4
1030,PUNCT PUNCT ADP,MP,4
284,ADP VERB PRON,MT,4
281,ADP VERB NOUN,MT,4
381,ADV PRON VERB,DY,4
516,CCONJ DET NOUN,RC,4
1378,VERB PRON ADP,FV,4
1074,VERB ADJ NOUN,TV,4
230,ADP DET NOUN,UY,4
858,PRON ADV PUNCT,MA,4
1004,PUNCT CCONJ NOUN,MP,4
369,ADV DET NOUN,S,4
1335,VERB NUM NOUN,RV,4
248,ADP NUM NOUN,MT,4
1210,VERB ADV VERB,AGV,4
1245,VERB DET ADP,RV,4
1051,PUNCT _ _,U,4
1124,VERB ADP NOUN,TV,4
176,ADJ PUNCT _,DJ,4
168,ADJ PUNCT PRON,RJ,4
1516,VERB VERB ADP,MV,4
893,PRON VERB ADV,W,4
413,ADV PUNCT PRON,DY,4
619,DET VERB DET,MA,4
157,ADJ PUNCT DET,S,4
428,ADV PUNCT VERB,MP,4
414,ADV PUNCT PRON,FY,4
20,ADJ ADP NOUN,S,4
417,ADV PUNCT PRON,RY,4
1096,VERB ADP ADV,TV,4
1564,VERB VERB PUNCT,MV,4
109,ADJ NOUN PUNCT,DJ,4
114,ADJ NOUN PUNCT,RP,4
1166,VERB ADV ADP,RV,4
1500,VERB PUNCT _,FV,4
143,ADJ PUNCT ADP,S,4
1177,VERB ADV ADV,RV,4
33,ADJ ADP VERB,S,4
1490,VERB PUNCT PRON,S,4
1491,VERB PUNCT PRON,TV,4
87,ADJ NOUN CCONJ,S,4
906,PRON VERB PART,UV,4
1571,VERB VERB VERB,MV,4
1461,VERB PUNCT ADV,RV,4
1524,VERB VERB ADV,AGV,4
1040,PUNCT VERB NOUN,MP,4
1293,VERB NOUN ADP,TV,4
794,NUM NUM NOUN,S,4
434,ADV PUNCT _,MY,3
449,ADV VERB ADP,W,3
1130,VERB ADP PRON,AGV,3
1144,VERB ADP PROPN,TV,3
776,NOUN VERB NOUN,RP,3
912,PRON VERB PUNCT,MA,3
58,ADJ CCONJ PRON,RJ,3
1143,VERB ADP PROPN,RV,3
963,PROPN PUNCT DET,S,3
456,ADV VERB ADV,W,3
1268,VERB DET NOUN,UV,3
911,PRON VERB PUNCT,M,3
1253,VERB DET DET,S,3
1070,VERB ADJ NOUN,FV,3
1111,VERB ADP DET,SX,3
1397,VERB PRON CCONJ,TV,3
1276,VERB DET PUNCT,RV,3
1254,VERB DET DET,TV,3
126,ADJ PART VERB,DJ,3
1164,VERB ADV ADP,FV,3
520,CCONJ NOUN PUNCT,RC,3
454,ADV VERB ADV,RY,3
1102,VERB ADP DET,DV,3
85,ADJ NOUN CCONJ,RJ,3
88,ADJ NOUN CCONJ,SA,3
1519,VERB VERB ADP,S,3
724,NOUN PUNCT ADV,RP,3
1527,VERB VERB ADV,R,3
844,PART VERB PUNCT,MV,3
1300,VERB NOUN CCONJ,RV,3
1101,VERB ADP DET,DJ,3
1399,VERB PRON DET,FV,3
1151,VERB ADP VERB,RV,3
101,ADJ NOUN PRON,DJ,3
69,ADJ NOUN ADP,FJ,3
68,ADJ NOUN ADP,DJ,3
663,NOUN ADV PUNCT,W,3
103,ADJ NOUN PRON,RJ,3
1106,VERB ADP DET,R,3
1299,VERB NOUN CCONJ,FV,3
1238,VERB DET ADJ,IV,3
301,ADV ADJ NOUN,RP,3
100,ADJ NOUN PRON,CQ,3
1343,VERB PART ADV,RV,3
1257,VERB DET NOUN,DV,3
881,PRON VERB ADJ,M,3
1081,VERB ADJ PUNCT,FV,3
1341,VERB PART ADP,RV,3
236,ADP DET PUNCT,RT,3
1114,VERB ADP DET,UV,3
704,NOUN NOUN PUNCT,SX,3
1116,VERB ADP NOUN,AGV,3
1463,VERB PUNCT ADV,TV,3
785,NOUN VERB VERB,RP,3
588,DET NOUN PUNCT,AGQ,3
1460,VERB PUNCT ADV,MV,3
608,DET PROPN PUNCT,MD,3
1322,VERB NOUN PUNCT,S,3
1170,VERB ADV ADP,W,3
1431,VERB PRON PUNCT,UV,3
1456,VERB PUNCT ADP,S,3
994,PUNCT ADV PRON,RP,3
1433,VERB PRON VERB,FV,3
874,PRON PUNCT CCONJ,MA,3
1002,PUNCT CCONJ DET,MP,3
1026,PUNCT PROPN PROPN,MP,3
1448,VERB PROPN PROPN,RV,3
1038,PUNCT VERB ADV,MP,3
700,NOUN NOUN PUNCT,RJ,3
1086,VERB ADJ PUNCT,TV,3
943,PROPN PART NOUN,RP,3
1326,VERB NOUN VERB,FV,3
990,PUNCT ADV CCONJ,MP,3
166,ADJ PUNCT PRON,DJ,3
508,CCONJ ADV ADJ,RP,3
134,ADJ PRON VERB,S,3
1173,VERB ADV ADV,FV,3
902,PRON VERB NUM,MA,3
140,ADJ PUNCT ADJ,RJ,3
815,PART VERB ADJ,MV,3
756,NOUN PUNCT _,MN,3
144,ADJ PUNCT ADV,DJ,3
1408,VERB PRON NOUN,AS,3
265,ADP PROPN ADP,MT,3
830,PART VERB DET,RV,3
565,DET NOUN ADP,MD,3
566,DET NOUN ADP,RD,3
147,ADJ PUNCT ADV,S,3
150,ADJ PUNCT CCONJ,RJ,3
1415,VERB PRON PART,S,3
156,ADJ PUNCT DET,RJ,3
942,PROPN PART NOUN,MP,3
574,DET NOUN ADV,W,3
1419,VERB PRON PRON,RV,3
437,ADV PUNCT _,S,3
448,ADV VERB ADP,UV,2
497,ADV _ _,RY,2
450,ADV VERB ADV,DY,2
478,ADV VERB PRON,RY,2
1291,VERB NOUN ADP,S,2
1059,VERB ADJ ADP,MV,2
1278,VERB DET VERB,FV,2
1279,VERB DET VERB,RV,2
1275,VERB DET PROPN,TV,2
481,ADV VERB PUNCT,DY,2
473,ADV VERB PRON,DY,2
1058,VERB ADJ ADP,FV,2
1282,VERB NOUN ADJ,AGV,2
470,ADV VERB NOUN,W,2
787,NOUN VERB VERB,UJ,2
1286,VERB NOUN ADP,AS,2
465,ADV VERB DET,W,2
494,ADV VERB VERB,W,2
464,ADV VERB DET,S,2
1272,VERB DET PROPN,FV,2
781,NOUN VERB PUNCT,W,2
463,ADV VERB DET,RY,2
462,ADV VERB DET,RP,2
486,ADV VERB PUNCT,UV,2
780,NOUN VERB PUNCT,UN,2
460,ADV VERB DET,MA,2
455,ADV VERB ADV,S,2
452,ADV VERB ADV,MY,2
461,ADV VERB DET,MY,2
351,ADV ADV VERB,W,2
502,AUX ADV VERB,S,2
642,NOUN ADP DET,S,2
1167,VERB ADV ADP,S,2
1168,VERB ADV ADP,TV,2
1171,VERB ADV ADV,AGV,2
728,NOUN PUNCT CCONJ,RP,2
1176,VERB ADV ADV,R,2
1178,VERB ADV ADV,TV,2
627,DET VERB VERB,MC,2
734,NOUN PUNCT NOUN,MN,2
1183,VERB ADV CCONJ,RV,2
735,NOUN PUNCT NOUN,MP,2
618,DET VERB ADV,W,2
617,DET VERB ADV,RA,2
616,DET VERB ADV,MA,2
1092,VERB ADP ADP,RV,2
1189,VERB ADV DET,RV,2
1190,VERB ADV DET,TV,2
1090,VERB ADP ADJ,TV,2
641,NOUN ADP DET,RP,2
1165,VERB ADV ADP,MV,2
1259,VERB DET NOUN,ID,2
647,NOUN ADP NOUN,S,2
701,NOUN NOUN PUNCT,RN,2
691,NOUN NOUN ADP,SX,2
1127,VERB ADP NUM,RV,2
1128,VERB ADP NUM,TV,2
710,NOUN PART VERB,FV,2
712,NOUN PRON VERB,DN,2
714,NOUN PRON VERB,RP,2
673,NOUN CCONJ NOUN,RP,2
1141,VERB ADP PROPN,FV,2
1142,VERB ADP PROPN,IV,2
1145,VERB ADP PROPN,UY,2
715,NOUN PRON VERB,S,2
721,NOUN PUNCT ADP,MN,2
658,NOUN ADV ADV,W,2
723,NOUN PUNCT ADV,MA,2
652,NOUN ADP PROPN,MP,2
1162,VERB ADV ADJ,W,2
609,DET PROPN VERB,MD,2
740,NOUN PUNCT PART,MP,2
605,DET PROPN ADV,MD,2
604,DET PRON VERB,S,2
762,NOUN VERB ADJ,DN,2
548,DET ADJ VERB,MD,2
547,DET ADJ PUNCT,MD,2
545,DET ADJ NOUN,UV,2
1069,VERB ADJ NOUN,DV,2
539,DET ADJ CCONJ,MD,2
537,DET ADJ ADJ,MD,2
1067,VERB ADJ CCONJ,TV,2
533,CCONJ VERB ADP,MC,2
531,CCONJ PUNCT ADP,MC,2
1240,VERB DET ADJ,S,2
527,CCONJ PRON VERB,RP,2
1243,VERB DET ADP,FV,2
1244,VERB DET ADP,IV,2
774,NOUN VERB DET,RP,2
775,NOUN VERB DET,S,2
507,CCONJ ADP PRON,RC,2
758,NOUN PUNCT _,S,2
1077,VERB ADJ PART,MV,2
1221,VERB CCONJ ADP,RV,2
591,DET NOUN PUNCT,R,2
1089,VERB ADP ADJ,RV,2
601,DET PRON ADV,S,2
1197,VERB ADV PRON,RV,2
1085,VERB ADJ PUNCT,S,2
746,NOUN PUNCT PRON,UJ,2
593,DET NOUN PUNCT,RP,2
747,NOUN PUNCT PUNCT,DN,2
447,ADV VERB ADP,S,2
561,DET NOUN ADJ,RD,2
1205,VERB ADV PUNCT,R,2
585,DET NOUN PRON,RP,2
582,DET NOUN PART,MD,2
1080,VERB ADJ PUNCT,AGV,2
754,NOUN PUNCT _,DN,2
568,DET NOUN ADP,SX,2
562,DET NOUN ADJ,W,2
1202,VERB ADV PUNCT,IV,2
702,NOUN NOUN PUNCT,RP,2
446,ADV VERB ADP,RY,2
206,ADP ADV VERB,MT,2
231,ADP DET NOUN,W,2
229,ADP DET NOUN,UV,2
226,ADP DET NOUN,U,2
223,ADP DET NOUN,RT,2
1434,VERB PRON VERB,ID,2
215,ADP DET ADJ,R,2
1438,VERB PRON VERB,SX,2
209,ADP CCONJ ADV,MT,2
1441,VERB PROPN ADP,AS,2
207,ADP ADV VERB,R,2
871,PRON PRON VERB,R,2
852,PRON ADJ PART,MA,2
998,PUNCT CCONJ ADJ,MP,2
873,PRON PUNCT ADV,MA,2
878,PRON PUNCT PRON,MA,2
1458,VERB PUNCT ADP,TV,2
992,PUNCT ADV NOUN,MP,2
1466,VERB PUNCT CCONJ,RV,2
888,PRON VERB ADV,R,2
172,ADJ PUNCT PUNCT,S,2
890,PRON VERB ADV,U,2
1477,VERB PUNCT NOUN,RV,2
1425,VERB PRON PUNCT,DV,2
1424,VERB PRON PUNCT,AGV,2
237,ADP DET VERB,SX,2
863,PRON CCONJ PRON,MA,2
273,ADP PUNCT DET,MT,2
1403,VERB PRON DET,SX,2
853,PRON ADV ADJ,MA,2
854,PRON ADV ADP,MA,2
855,PRON ADV ADV,MA,2
267,ADP PROPN PUNCT,MT,2
264,ADP PRON VERB,UY,2
1409,VERB PRON NOUN,FV,2
1410,VERB PRON NOUN,RV,2
260,ADP PRON VERB,RC,2
259,ADP PRON VERB,R,2
258,ADP PRON VERB,M,2
257,ADP PRON PUNCT,M,2
1413,VERB PRON PART,R,2
251,ADP PART VERB,MT,2
250,ADP NUM PUNCT,MT,2
245,ADP NOUN VERB,RC,2
1294,VERB NOUN ADP,UV,2
861,PRON ADV VERB,W,2
241,ADP NOUN CCONJ,R,2
239,ADP NOUN ADP,R,2
159,ADJ PUNCT NOUN,MP,2
896,PRON VERB DET,R,2
986,PUNCT ADV ADJ,MP,2
1528,VERB VERB ADV,RV,2
1532,VERB VERB CCONJ,RV,2
67,ADJ NOUN ADJ,RP,2
1533,VERB VERB CCONJ,TV,2
970,PROPN PUNCT _,S,2
62,ADJ CCONJ VERB,SX,2
1548,VERB VERB NUM,AGV,2
48,ADJ CCONJ ADV,IJ,2
962,PROPN PUNCT DET,RP,2
935,PROPN DET VERB,RP,2
42,ADJ CCONJ ADJ,DJ,2
38,ADJ ADV PRON,S,2
37,ADJ ADV PRON,DJ,2
32,ADJ ADP VERB,RJ,2
958,PROPN PUNCT ADP,RP,2
25,ADJ ADP PRON,IJ,2
24,ADJ ADP PRON,FJ,2
1563,VERB VERB PUNCT,FV,2
18,ADJ ADP DET,SX,2
14,ADJ ADP DET,R,2
11,ADJ ADP DET,FJ,2
1569,VERB VERB VERB,AGV,2
973,PROPN VERB NOUN,S,2
1525,VERB VERB ADV,MN,2
1482,VERB PUNCT PART,RP,2
82,ADJ NOUN ADV,S,2
152,ADJ PUNCT CCONJ,SX,2
148,ADJ PUNCT CCONJ,DJ,2
146,ADJ PUNCT ADV,RJ,2
984,PUNCT ADP NOUN,RP,2
142,ADJ PUNCT ADP,RJ,2
983,PUNCT ADP DET,UN,2
133,ADJ PRON VERB,RJ,2
908,PRON VERB PRON,MA,2
123,ADJ NOUN _,DJ,2
1499,VERB PUNCT _,AGV,2
913,PRON VERB PUNCT,UV,2
1504,VERB PUNCT _,S,2
108,ADJ NOUN PUNCT,CQ,2
916,PRON VERB VERB,R,2
1509,VERB VERB ADJ,FV,2
99,ADJ NOUN PART,S,2
976,PROPN _ _,UN,2
1511,VERB VERB ADJ,MV,2
918,PRON VERB VERB,UC,2
975,PROPN VERB VERB,S,2
920,PRON VERB VERB,UP,2
275,ADP PUNCT VERB,MT,2
243,ADP NOUN PUNCT,M,2
282,ADP VERB NUM,MT,2
1020,PUNCT PRON VERB,M,2
1024,PUNCT PRON VERB,UY,2
355,ADV CCONJ ADV,S,2
1309,VERB NOUN PART,RV,2
416,ADV PUNCT PRON,R,2
1352,VERB PART PUNCT,FV,2
349,ADV ADV PUNCT,RY,2
1357,VERB PART VERB,AGV,2
418,ADV PUNCT PRON,S,2
424,ADV PUNCT PUNCT,S,2
421,ADV PUNCT PROPN,RY,2
336,ADV ADV ADP,MY,2
835,PART VERB PART,FV,2
334,ADV ADV ADJ,X,2
1369,VERB PART VERB,UT,2
1046,PUNCT VERB VERB,MP,2
328,ADV ADP PROPN,RY,2
365,ADV DET NOUN,R,2
411,ADV PUNCT NOUN,DY,2
366,ADV DET NOUN,RC,2
367,ADV DET NOUN,RP,2
387,ADV PRON VERB,S,2
386,ADV PRON VERB,RY,2
398,ADV PUNCT ADV,RY,2
1332,VERB NUM CCONJ,RV,2
1318,VERB NOUN PUNCT,IV,2
379,ADV PART VERB,S,2
1032,PUNCT PUNCT DET,MP,2
401,ADV PUNCT CCONJ,FY,2
1316,VERB NOUN PUNCT,AGV,2
375,ADV NOUN VERB,SX,2
407,ADV PUNCT DET,MY,2
1311,VERB NOUN PART,TV,2
368,ADV DET NOUN,RY,2
409,ADV PUNCT DET,RY,2
1042,PUNCT VERB PART,MP,2
1371,VERB PRON ADJ,AGV,2
834,PART VERB NOUN,W,2
811,PART PUNCT PRON,MY,2
320,ADV ADP DET,UY,2
297,ADV ADJ NOUN,L,2
302,ADV ADJ NOUN,RY,2
305,ADV ADJ PART,SX,2
432,ADV PUNCT _,FJ,2
1385,VERB PRON ADV,AGV,2
292,ADV ADJ CCONJ,RJ,2
312,ADV ADP ADJ,S,2
430,ADV PUNCT VERB,RP,2
1301,VERB NOUN CCONJ,S,2
1011,PUNCT DET VERB,RA,2
435,ADV PUNCT _,RP,2
1377,VERB PRON ADP,AGV,2
299,ADV ADJ NOUN,MY,2
290,ADV ADJ ADV,DY,2
1013,PUNCT DET VERB,UY,2
1049,PUNCT _ _,M,2
326,ADV ADP PRON,RY,2
841,PART VERB PROPN,FV,2
1395,VERB PRON CCONJ,RV,2
1016,PUNCT NUM ADP,MP,2
1297,VERB NOUN CCONJ,AGV,2
1373,VERB PRON ADJ,RV,2
287,ADV ADJ ADP,DY,2
956,PROPN PROPN VERB,RP,1
1036,PUNCT VERB ADP,DJ,1
952,PROPN PROPN PROPN,R,1
972,PROPN VERB DET,RP,1
954,PROPN PROPN PUNCT,IJ,1
953,PROPN PROPN PROPN,S,1
1056,VERB ADJ ADP,AGV,1
955,PROPN PROPN PUNCT,UP,1
1057,VERB ADJ ADP,DV,1
974,PROPN VERB NUM,W,1
1041,PUNCT VERB NOUN,RT,1
1053,PUNCT _ _,UT,1
1055,VERB ADJ ADJ,UV,1
1105,VERB ADP DET,M,1
960,PROPN PUNCT CCONJ,RP,1
959,PROPN PUNCT ADV,RP,1
1052,PUNCT _ _,UN,1
1045,PUNCT VERB PRON,RV,1
1047,PUNCT VERB X,MP,1
1035,PUNCT VERB ADJ,MP,1
957,PROPN PROPN VERB,S,1
1044,PUNCT VERB PRON,RP,1
1108,VERB ADP DET,RT,1
964,PROPN PUNCT PRON,FN,1
1048,PUNCT X PROPN,M,1
965,PROPN PUNCT PRON,R,1
966,PROPN PUNCT PROPN,RP,1
967,PROPN PUNCT PUNCT,AGN,1
968,PROPN PUNCT PUNCT,UN,1
969,PROPN PUNCT VERB,DN,1
1113,VERB ADP DET,U,1
961,PROPN PUNCT CCONJ,S,1
971,PROPN PUNCT _,UN,1
1107,VERB ADP DET,RJ,1
1095,VERB ADP ADV,RV,1
1100,VERB ADP DET,AS,1
1034,PUNCT PUNCT VERB,MP,1
1000,PUNCT CCONJ ADV,MP,1
1001,PUNCT CCONJ ADV,UV,1
1019,PUNCT PART VERB,MP,1
1018,PUNCT PART PUNCT,UC,1
1003,PUNCT CCONJ DET,UY,1
1083,VERB ADJ PUNCT,R,1
1063,VERB ADJ ADV,FV,1
1064,VERB ADJ ADV,MV,1
1082,VERB ADJ PUNCT,MV,1
1065,VERB ADJ ADV,RV,1
1017,PUNCT NUM NOUN,MP,1
1005,PUNCT CCONJ PART,MP,1
1066,VERB ADJ CCONJ,RV,1
1007,PUNCT CCONJ PRON,U,1
1015,PUNCT NOUN PUNCT,UN,1
1079,VERB ADJ PRON,TV,1
1078,VERB ADJ PART,TV,1
1012,PUNCT DET VERB,RP,1
1008,PUNCT CCONJ PRON,UY,1
1068,VERB ADJ NOUN,AGV,1
1076,VERB ADJ NUM,S,1
1075,VERB ADJ NOUN,W,1
1010,PUNCT DET NOUN,UY,1
1009,PUNCT CCONJ PUNCT,MP,1
1072,VERB ADJ NOUN,R,1
1087,VERB ADP ADJ,FV,1
999,PUNCT CCONJ ADP,MP,1
1088,VERB ADP ADJ,IV,1
1071,VERB ADJ NOUN,IV,1
977,PUNCT ADJ ADJ,MP,1
978,PUNCT ADJ ADP,MP,1
980,PUNCT ADJ NOUN,R,1
981,PUNCT ADP DET,R,1
982,PUNCT ADP DET,RP,1
1098,VERB ADP DET,AGN,1
1097,VERB ADP CCONJ,TV,1
1031,PUNCT PUNCT ADV,MP,1
1029,PUNCT PUNCT ADP,M,1
1028,PUNCT PROPN VERB,MP,1
985,PUNCT ADP NOUN,RT,1
1094,VERB ADP ADP,TV,1
1021,PUNCT PRON VERB,MN,1
1061,VERB ADJ ADP,S,1
1093,VERB ADP ADP,SX,1
1062,VERB ADJ ADP,TV,1
1025,PUNCT PRON VERB,W,1
989,PUNCT ADV ADV,RP,1
1091,VERB ADP ADJ,UV,1
991,PUNCT ADV DET,M,1
1023,PUNCT PRON VERB,UN,1
1115,VERB ADP DET,W,1
1022,PUNCT PRON VERB,RP,1
996,PUNCT ADV PUNCT,R,1
0,ADJ ADJ ADP,S,1
1280,VERB DET VERB,TV,1
1117,VERB ADP NOUN,DJ,1
1412,VERB PRON PART,AGV,1
1418,VERB PRON PRON,R,1
1420,VERB PRON PRON,S,1
1421,VERB PRON PRON,TV,1
1422,VERB PRON PROPN,S,1
1423,VERB PRON PROPN,TV,1
1427,VERB PRON PUNCT,ID,1
1435,VERB PRON VERB,RP,1
1440,VERB PRON VERB,UV,1
1442,VERB PROPN ADP,TV,1
1443,VERB PROPN ADV,AS,1
1444,VERB PROPN ADV,RV,1
1445,VERB PROPN ADV,TV,1
1446,VERB PROPN CCONJ,TV,1
1447,VERB PROPN PRON,TV,1
1449,VERB PROPN PUNCT,AGV,1
1450,VERB PROPN PUNCT,IV,1
1451,VERB PROPN PUNCT,RJ,1
1452,VERB PROPN PUNCT,RV,1
1453,VERB PROPN PUNCT,TV,1
1454,VERB PUNCT ADP,IV,1
1455,VERB PUNCT ADP,RJ,1
1457,VERB PUNCT ADP,SX,1
1459,VERB PUNCT ADV,IV,1
1462,VERB PUNCT ADV,S,1
1464,VERB PUNCT CCONJ,AGV,1
1465,VERB PUNCT CCONJ,MV,1
1467,VERB PUNCT CCONJ,S,1
1417,VERB PRON PRON,IV,1
1411,VERB PRON NOUN,S,1
1350,VERB PART PRON,RV,1
1407,VERB PRON NOUN,AGV,1
1353,VERB PART PUNCT,IV,1
1355,VERB PART PUNCT,SX,1
1356,VERB PART PUNCT,TV,1
1358,VERB PART VERB,DV,1
1362,VERB PART VERB,R,1
1363,VERB PART VERB,RP,1
1366,VERB PART VERB,SX,1
1368,VERB PART VERB,U,1
1370,VERB PART VERB,UV,1
1372,VERB PRON ADJ,R,1
1374,VERB PRON ADJ,TV,1
1375,VERB PRON ADJ,UA,1
1376,VERB PRON ADJ,UC,1
1379,VERB PRON ADP,RP,1
1382,VERB PRON ADP,SA,1
1384,VERB PRON ADP,UY,1
1386,VERB PRON ADV,DV,1
1388,VERB PRON ADV,IV,1
1389,VERB PRON ADV,M,1
1393,VERB PRON CCONJ,DV,1
1394,VERB PRON CCONJ,FV,1
1396,VERB PRON CCONJ,S,1
1398,VERB PRON DET,DV,1
1400,VERB PRON DET,IV,1
1404,VERB PRON DET,TV,1
1405,VERB PRON DET,UT,1
1406,VERB PRON INTJ,RV,1
1468,VERB PUNCT CCONJ,TV,1
1469,VERB PUNCT DET,DJ,1
1470,VERB PUNCT DET,FV,1
1472,VERB PUNCT DET,TV,1
1522,VERB VERB ADP,UV,1
1523,VERB VERB ADP,W,1
1529,VERB VERB ADV,S,1
1531,VERB VERB CCONJ,FV,1
1535,VERB VERB DET,FV,1
1536,VERB VERB DET,M,1
1538,VERB VERB DET,R,1
1540,VERB VERB DET,S,1
1541,VERB VERB DET,SX,1
1543,VERB VERB DET,UV,1
1544,VERB VERB NOUN,DV,1
1545,VERB VERB NOUN,RV,1
1546,VERB VERB NOUN,S,1
1550,VERB VERB PART,L,1
1552,VERB VERB PART,R,1
1555,VERB VERB PRON,AGV,1
1556,VERB VERB PRON,AS,1
1557,VERB VERB PRON,FV,1
1559,VERB VERB PRON,R,1
1560,VERB VERB PRON,RV,1
1565,VERB VERB PUNCT,RV,1
1566,VERB VERB PUNCT,S,1
1568,VERB VERB PUNCT,UY,1
1570,VERB VERB VERB,IV,1
1573,VERB VERB VERB,S,1
1575,VERB VERB VERB,UY,1
1576,X PUNCT ADP,M,1
1520,VERB VERB ADP,SX,1
1517,VERB VERB ADP,RP,1
1515,VERB VERB ADP,IV,1
1487,VERB PUNCT PRON,IV,1
1473,VERB PUNCT INTJ,S,1
1474,VERB PUNCT INTJ,TV,1
1475,VERB PUNCT NOUN,DV,1
1476,VERB PUNCT NOUN,MV,1
1478,VERB PUNCT NOUN,UT,1
1479,VERB PUNCT PART,AGV,1
1480,VERB PUNCT PART,DN,1
1481,VERB PUNCT PART,MP,1
1483,VERB PUNCT PART,S,1
1484,VERB PUNCT PRON,DJ,1
1485,VERB PUNCT PRON,DV,1
1486,VERB PUNCT PRON,FV,1
1488,VERB PUNCT PRON,RN,1
1510,VERB VERB ADJ,IV,1
1492,VERB PUNCT PRON,X,1
1493,VERB PUNCT PROPN,L,1
1494,VERB PUNCT PUNCT,RP,1
1495,VERB PUNCT PUNCT,UV,1
1496,VERB PUNCT VERB,AGV,1
1497,VERB PUNCT VERB,FV,1
1498,VERB PUNCT VERB,RV,1
1501,VERB PUNCT _,R,1
1502,VERB PUNCT _,RJ,1
1506,VERB PUNCT _,UY,1
1507,VERB SYM NUM,TV,1
1508,VERB VERB ADJ,AGV,1
1351,VERB PART PUNCT,DV,1
1349,VERB PART PRON,R,1
1119,VERB ADP NOUN,ID,1
1184,VERB ADV CCONJ,S,1
1187,VERB ADV DET,FV,1
1188,VERB ADV DET,MV,1
1191,VERB ADV NOUN,DV,1
1192,VERB ADV NUM,FV,1
1193,VERB ADV NUM,TV,1
1194,VERB ADV PART,FV,1
1195,VERB ADV PART,TV,1
1196,VERB ADV PRON,AGV,1
1198,VERB ADV PRON,S,1
1200,VERB ADV PRON,UV,1
1201,VERB ADV PUNCT,FV,1
1203,VERB ADV PUNCT,MP,1
1204,VERB ADV PUNCT,MV,1
1207,VERB ADV PUNCT,S,1
1209,VERB ADV PUNCT,UY,1
1211,VERB ADV VERB,FV,1
1216,VERB ADV VERB,UV,1
1217,VERB ADV VERB,UY,1
1220,VERB CCONJ ADP,DJ,1
1222,VERB CCONJ ADV,TV,1
1223,VERB CCONJ DET,RV,1
1224,VERB CCONJ DET,TV,1
1225,VERB CCONJ PART,IV,1
1226,VERB CCONJ PRON,AGV,1
1227,VERB CCONJ PRON,RV,1
1228,VERB CCONJ PRON,TV,1
1229,VERB CCONJ PROPN,MV,1
1185,VERB ADV CCONJ,UY,1
1182,VERB ADV CCONJ,FV,1
1348,VERB PART DET,TV,1
1181,VERB ADV CCONJ,AGV,1
1123,VERB ADP NOUN,SA,1
1125,VERB ADP NUM,FV,1
1126,VERB ADP NUM,IV,1
1129,VERB ADP NUM,UV,1
1132,VERB ADP PRON,ID,1
1134,VERB ADP PRON,R,1
1137,VERB ADP PRON,SX,1
1139,VERB ADP PRON,UV,1
1140,VERB ADP PROPN,DV,1
1146,VERB ADP PUNCT,IV,1
1147,VERB ADP PUNCT,RV,1
1148,VERB ADP PUNCT,TV,1
1149,VERB ADP PUNCT,UY,1
1150,VERB ADP VERB,R,1
1152,VERB ADP VERB,S,1
1153,VERB ADP VERB,SX,1
1155,VERB ADV ADJ,M,1
1156,VERB ADV ADJ,MP,1
1158,VERB ADV ADJ,R,1
1160,VERB ADV ADJ,S,1
1163,VERB ADV ADP,AGV,1
1169,VERB ADV ADP,UY,1
1172,VERB ADV ADV,AS,1
1174,VERB ADV ADV,IV,1
1175,VERB ADV ADV,MP,1
1179,VERB ADV ADV,UV,1
1180,VERB ADV ADV,W,1
1230,VERB CCONJ VERB,DJ,1
1231,VERB CCONJ VERB,DV,1
1232,VERB CCONJ VERB,RP,1
1233,VERB CCONJ VERB,RV,1
1304,VERB NOUN DET,UV,1
1305,VERB NOUN NOUN,RV,1
1306,VERB NOUN NOUN,TV,1
1307,VERB NOUN PART,AGV,1
1308,VERB NOUN PART,FV,1
1310,VERB NOUN PART,S,1
1312,VERB NOUN PRON,FV,1
1313,VERB NOUN PRON,R,1
1314,VERB NOUN PRON,RV,1
1315,VERB NOUN PRON,TV,1
1319,VERB NOUN PUNCT,R,1
1320,VERB NOUN PUNCT,RT,1
1324,VERB NOUN PUNCT,UV,1
1325,VERB NOUN VERB,DV,1
1327,VERB NOUN VERB,R,1
1328,VERB NOUN VERB,TV,1
1329,VERB NOUN _,FV,1
1330,VERB NUM ADP,AGV,1
1331,VERB NUM CCONJ,AGV,1
1334,VERB NUM NOUN,IV,1
1337,VERB NUM NOUN,UP,1
1338,VERB NUM PUNCT,TV,1
1339,VERB PART ADP,DJ,1
1340,VERB PART ADP,FV,1
1344,VERB PART CCONJ,RV,1
1345,VERB PART DET,AGV,1
1346,VERB PART DET,FV,1
1303,VERB NOUN DET,RV,1
1302,VERB NOUN DET,FV,1
1298,VERB NOUN CCONJ,DV,1
1270,VERB DET NOUN,W,1
1234,VERB CCONJ VERB,S,1
1236,VERB DET ADJ,DV,1
1242,VERB DET ADJ,W,1
1246,VERB DET ADP,TV,1
1247,VERB DET ADV,TV,1
1248,VERB DET ADV,W,1
1249,VERB DET DET,AGV,1
1250,VERB DET DET,FV,1
1251,VERB DET DET,IV,1
1262,VERB DET NOUN,RN,1
1263,VERB DET NOUN,RT,1
1269,VERB DET NOUN,UY,1
1271,VERB DET NUM,RV,1
1296,VERB NOUN ADV,TV,1
1273,VERB DET PROPN,R,1
1274,VERB DET PROPN,S,1
1277,VERB DET SYM,TV,1
950,PROPN PROPN CCONJ,S,1
1281,VERB INTJ ADV,S,1
1283,VERB NOUN ADJ,AS,1
1284,VERB NOUN ADJ,TV,1
1285,VERB NOUN ADP,AGV,1
1287,VERB NOUN ADP,DV,1
1289,VERB NOUN ADP,IJ,1
1292,VERB NOUN ADP,SX,1
1295,VERB NOUN ADV,RV,1
951,PROPN PROPN NOUN,RP,1
789,NUM ADP NOUN,S,1
949,PROPN PROPN ADV,MN,1
325,ADV ADP PRON,RQ,1
337,ADV ADV ADV,R,1
335,ADV ADV ADP,ID,1
333,ADV ADV ADJ,RY,1
331,ADV ADP VERB,RY,1
330,ADV ADP VERB,R,1
329,ADV ADP SYM,R,1
327,ADV ADP PRON,S,1
324,ADV ADP PRON,RP,1
339,ADV ADV ADV,X,1
323,ADV ADP NOUN,RY,1
322,ADV ADP NOUN,IJ,1
321,ADV ADP NOUN,DY,1
319,ADV ADP DET,UP,1
316,ADV ADP DET,RP,1
315,ADV ADP DET,DY,1
314,ADV ADP ADV,RY,1
338,ADV ADV ADV,RY,1
340,ADV ADV CCONJ,S,1
362,ADV DET ADJ,S,1
352,ADV CCONJ ADP,CL,1
360,ADV CCONJ PUNCT,RY,1
359,ADV CCONJ PUNCT,DY,1
358,ADV CCONJ PRON,S,1
357,ADV CCONJ PRON,MY,1
356,ADV CCONJ PRON,FY,1
354,ADV CCONJ ADV,RY,1
353,ADV CCONJ ADV,DY,1
350,ADV ADV VERB,FY,1
341,ADV ADV DET,DY,1
348,ADV ADV PUNCT,MY,1
347,ADV ADV PUNCT,MA,1
346,ADV ADV PRON,SX,1
345,ADV ADV PRON,RY,1
344,ADV ADV PRON,RP,1
343,ADV ADV PRON,MC,1
342,ADV ADV DET,RY,1
313,ADV ADP ADP,RY,1
311,ADV ADJ PUNCT,X,1
310,ADV ADJ PUNCT,UY,1
256,ADP PRON PART,W,1
271,ADP PUNCT ADJ,MT,1
270,ADP PUNCT ADJ,MC,1
269,ADP PROPN VERB,MT,1
268,ADP PROPN PUNCT,UV,1
266,ADP PROPN PROPN,MT,1
263,ADP PRON VERB,UV,1
261,ADP PRON VERB,RT,1
255,ADP PRON CCONJ,M,1
309,ADV ADJ PUNCT,SX,1
254,ADP PRON ADV,W,1
253,ADP PRON ADP,R,1
252,ADP PART VERB,R,1
249,ADP NUM PROPN,MT,1
247,ADP NUM ADP,MT,1
246,ADP NOUN VERB,S,1
244,ADP NOUN PUNCT,R,1
272,ADP PUNCT ADP,MC,1
276,ADP SYM NUM,MT,1
278,ADP VERB ADV,M,1
279,ADP VERB ADV,MT,1
307,ADV ADJ PUNCT,L,1
304,ADV ADJ PART,RY,1
303,ADV ADJ NOUN,S,1
300,ADV ADJ NOUN,R,1
298,ADV ADJ NOUN,MN,1
296,ADV ADJ NOUN,IJ,1
295,ADV ADJ NOUN,FY,1
294,ADV ADJ NOUN,DJ,1
293,ADV ADJ CCONJ,RY,1
291,ADV ADJ ADV,RY,1
289,ADV ADJ ADP,S,1
288,ADV ADJ ADP,RP,1
286,ADP VERB VERB,MC,1
285,ADP VERB PRON,W,1
283,ADP VERB PART,R,1
361,ADV CCONJ VERB,MY,1
363,ADV DET ADP,RY,1
948,PROPN PROPN ADV,DN,1
444,ADV VERB ADP,M,1
466,ADV VERB NOUN,IJ,1
459,ADV VERB CCONJ,X,1
458,ADV VERB CCONJ,S,1
457,ADV VERB ADV,X,1
453,ADV VERB ADV,RP,1
451,ADV VERB ADV,M,1
445,ADV VERB ADP,RP,1
443,ADV VERB ADP,DY,1
468,ADV VERB NOUN,MY,1
441,ADV VERB ADJ,UV,1
440,ADV VERB ADJ,RP,1
439,ADV VERB ADJ,M,1
438,ADV PUNCT _,SX,1
433,ADV PUNCT _,MT,1
429,ADV PUNCT VERB,MY,1
427,ADV PUNCT VERB,DY,1
467,ADV VERB NOUN,MC,1
469,ADV VERB NOUN,RY,1
364,ADV DET NOUN,DY,1
483,ADV VERB PUNCT,R,1
491,ADV VERB VERB,RY,1
490,ADV VERB VERB,MY,1
489,ADV VERB VERB,MA,1
488,ADV VERB VERB,DY,1
487,ADV VERB VERB,AS,1
485,ADV VERB PUNCT,S,1
484,ADV VERB PUNCT,RY,1
482,ADV VERB PUNCT,L,1
471,ADV VERB NUM,W,1
480,ADV VERB PRON,X,1
479,ADV VERB PRON,UV,1
477,ADV VERB PRON,RP,1
476,ADV VERB PRON,RC,1
475,ADV VERB PRON,MY,1
474,ADV VERB PRON,L,1
472,ADV VERB PART,W,1
426,ADV PUNCT VERB,DJ,1
425,ADV PUNCT PUNCT,SX,1
423,ADV PUNCT PUNCT,DY,1
380,ADV PART VERB,W,1
391,ADV PUNCT ADJ,S,1
390,ADV PUNCT ADJ,MY,1
389,ADV PUNCT ADJ,MP,1
388,ADV PRON VERB,SX,1
384,ADV PRON VERB,R,1
383,ADV PRON VERB,MV,1
382,ADV PRON VERB,M,1
378,ADV PART VERB,RY,1
422,ADV PUNCT PROPN,S,1
377,ADV PART VERB,R,1
376,ADV NUM NOUN,W,1
374,ADV NOUN VERB,SA,1
373,ADV NOUN VERB,RY,1
372,ADV NOUN VERB,RC,1
371,ADV NOUN CCONJ,RJ,1
370,ADV DET NOUN,SX,1
392,ADV PUNCT ADP,DY,1
393,ADV PUNCT ADP,FJ,1
394,ADV PUNCT ADP,MY,1
395,ADV PUNCT ADP,RY,1
420,ADV PUNCT PROPN,MY,1
419,ADV PUNCT PROPN,DY,1
415,ADV PUNCT PRON,L,1
412,ADV PUNCT NOUN,RY,1
410,ADV PUNCT INTJ,UV,1
408,ADV PUNCT DET,R,1
406,ADV PUNCT DET,FY,1
405,ADV PUNCT DET,DY,1
404,ADV PUNCT CCONJ,S,1
403,ADV PUNCT CCONJ,RY,1
402,ADV PUNCT CCONJ,MY,1
400,ADV PUNCT CCONJ,DY,1
399,ADV PUNCT ADV,SX,1
397,ADV PUNCT ADV,MC,1
396,ADV PUNCT ADV,FY,1
242,ADP NOUN PUNCT,ID,1
240,ADP NOUN ADV,W,1
238,ADP NOUN ADP,ID,1
74,ADJ NOUN ADP,RP,1
83,ADJ NOUN CCONJ,DJ,1
81,ADJ NOUN ADV,RP,1
80,ADJ NOUN ADV,RJ,1
79,ADJ NOUN ADV,IV,1
78,ADJ NOUN ADV,FV,1
77,ADJ NOUN ADP,UV,1
76,ADJ NOUN ADP,SX,1
72,ADJ NOUN ADP,R,1
86,ADJ NOUN CCONJ,RP,1
71,ADJ NOUN ADP,MQ,1
70,ADJ NOUN ADP,MP,1
66,ADJ DET NOUN,S,1
65,ADJ DET NOUN,FJ,1
64,ADJ DET DET,DJ,1
63,ADJ DET ADV,S,1
61,ADJ CCONJ PUNCT,DJ,1
84,ADJ NOUN CCONJ,L,1
89,ADJ NOUN DET,IJ,1
235,ADP DET PUNCT,R,1
102,ADJ NOUN PRON,FJ,1
116,ADJ NOUN PUNCT,SA,1
112,ADJ NOUN PUNCT,R,1
111,ADJ NOUN PUNCT,IJ,1
110,ADJ NOUN PUNCT,ID,1
107,ADJ NOUN PUNCT,CN,1
106,ADJ NOUN PROPN,RJ,1
105,ADJ NOUN PRON,SA,1
98,ADJ NOUN PART,RY,1
90,ADJ NOUN DET,R,1
97,ADJ NOUN NOUN,UJ,1
96,ADJ NOUN NOUN,RJ,1
95,ADJ NOUN NOUN,DJ,1
94,ADJ NOUN DET,UV,1
93,ADJ NOUN DET,S,1
92,ADJ NOUN DET,RP,1
91,ADJ NOUN DET,RJ,1
60,ADJ CCONJ PRON,SX,1
59,ADJ CCONJ PRON,S,1
57,ADJ CCONJ PRON,DJ,1
12,ADJ ADP DET,ID,1
29,ADJ ADP PRON,UV,1
28,ADJ ADP PRON,SX,1
22,ADJ ADP NUM,S,1
21,ADJ ADP NUM,DJ,1
19,ADJ ADP DET,UV,1
16,ADJ ADP DET,RV,1
13,ADJ ADP DET,IJ,1
9,ADJ ADP ADV,RJ,1
56,ADJ CCONJ PART,FJ,1
8,ADJ ADP ADV,DJ,1
7,ADJ ADP ADP,RJ,1
6,ADJ ADP ADP,DJ,1
5,ADJ ADP ADJ,DJ,1
4,ADJ ADJ NOUN,S,1
3,ADJ ADJ NOUN,MY,1
2,ADJ ADJ NOUN,MV,1
30,ADJ ADP PUNCT,RJ,1
31,ADJ ADP VERB,DJ,1
34,ADJ ADV ADV,S,1
35,ADJ ADV NOUN,S,1
55,ADJ CCONJ NOUN,UV,1
54,ADJ CCONJ NOUN,S,1
53,ADJ CCONJ DET,RJ,1
52,ADJ CCONJ DET,IJ,1
51,ADJ CCONJ ADV,UV,1
50,ADJ CCONJ ADV,S,1
49,ADJ CCONJ ADV,RJ,1
47,ADJ CCONJ ADV,ID,1
46,ADJ CCONJ ADJ,SX,1
45,ADJ CCONJ ADJ,SA,1
43,ADJ CCONJ ADJ,M,1
41,ADJ CCONJ ADJ,CL,1
40,ADJ ADV PUNCT,S,1
39,ADJ ADV PUNCT,MJ,1
36,ADJ ADV PART,W,1
117,ADJ NOUN PUNCT,SX,1
118,ADJ NOUN PUNCT,UN,1
119,ADJ NOUN VERB,CN,1
197,ADP ADP PART,M,1
204,ADP ADV PRON,MT,1
203,ADP ADV DET,W,1
202,ADP ADV DET,MT,1
201,ADP ADV CCONJ,RP,1
200,ADP ADV ADP,RP,1
199,ADP ADV ADJ,R,1
198,ADP ADP PRON,R,1
196,ADP ADP NOUN,SX,1
186,ADJ VERB ADP,RJ,1
195,ADP ADP DET,UY,1
194,ADP ADJ PUNCT,UC,1
193,ADP ADJ PUNCT,RY,1
192,ADP ADJ PUNCT,MT,1
191,ADP ADJ NOUN,R,1
189,ADJ VERB PUNCT,S,1
188,ADJ VERB PART,S,1
205,ADP ADV SYM,W,1
208,ADP CCONJ ADP,MT,1
210,ADP CCONJ PRON,MT,1
211,ADP CCONJ VERB,MT,1
234,ADP DET PRON,UY,1
233,ADP DET PRON,R,1
232,ADP DET NUM,ID,1
228,ADP DET NOUN,UT,1
227,ADP DET NOUN,UJ,1
225,ADP DET NOUN,SX,1
224,ADP DET NOUN,S,1
222,ADP DET NOUN,RC,1
220,ADP DET NOUN,MY,1
218,ADP DET DET,UV,1
217,ADP DET DET,S,1
216,ADP DET DET,R,1
214,ADP DET ADJ,MY,1
213,ADP DET ADJ,M,1
212,ADP DET ADJ,ID,1
187,ADJ VERB ADP,S,1
185,ADJ PUNCT _,U,1
120,ADJ NOUN VERB,CQ,1
136,ADJ PRON VERB,UY,1
153,ADJ PUNCT CCONJ,UV,1
149,ADJ PUNCT CCONJ,IJ,1
145,ADJ PUNCT ADV,MJ,1
141,ADJ PUNCT ADP,FJ,1
139,ADJ PUNCT ADJ,MP,1
138,ADJ PROPN PUNCT,SX,1
137,ADJ PROPN PUNCT,RP,1
135,ADJ PRON VERB,SX,1
184,ADJ PUNCT _,SA,1
132,ADJ PRON VERB,DN,1
131,ADJ PRON PUNCT,RJ,1
128,ADJ PART VERB,MY,1
127,ADJ PART VERB,IJ,1
125,ADJ NOUN _,S,1
124,ADJ NOUN _,RJ,1
122,ADJ NOUN VERB,SA,1
154,ADJ PUNCT CCONJ,X,1
155,ADJ PUNCT DET,FV,1
158,ADJ PUNCT NOUN,FJ,1
161,ADJ PUNCT NOUN,RP,1
182,ADJ PUNCT _,RY,1
181,ADJ PUNCT _,RP,1
179,ADJ PUNCT _,R,1
178,ADJ PUNCT _,IJ,1
177,ADJ PUNCT _,FV,1
175,ADJ PUNCT X,RJ,1
174,ADJ PUNCT VERB,DJ,1
173,ADJ PUNCT PUNCT,UY,1
171,ADJ PUNCT PROPN,RJ,1
170,ADJ PUNCT PRON,SX,1
167,ADJ PUNCT PRON,IJ,1
165,ADJ PUNCT PRON,AGQ,1
164,ADJ PUNCT NUM,S,1
163,ADJ PUNCT NOUN,SA,1
162,ADJ PUNCT NOUN,S,1
492,ADV VERB VERB,S,1
493,ADV VERB VERB,UP,1
496,ADV _ _,RP,1
784,NOUN VERB VERB,M,1
793,NUM NOUN NOUN,FJ,1
792,NUM NOUN CCONJ,MP,1
791,NUM NOUN ADP,SX,1
790,NUM NOUN ADJ,IJ,1
1,ADJ ADJ NOUN,MJ,1
788,NOUN VERB VERB,UN,1
786,NOUN VERB VERB,S,1
783,NOUN VERB VERB,DN,1
796,NUM PUNCT DET,S,1
782,NOUN VERB VERB,AGA,1
779,NOUN VERB PUNCT,M,1
778,NOUN VERB PRON,DN,1
777,NOUN VERB PART,RP,1
773,NOUN VERB DET,MA,1
772,NOUN VERB ADV,W,1
771,NOUN VERB ADV,UN,1
795,NUM PROPN PUNCT,UJ,1
797,NUM PUNCT NOUN,MP,1
717,NOUN PROPN ADP,W,1
808,PART PUNCT ADP,MY,1
819,PART VERB ADP,U,1
818,PART VERB ADP,RP,1
817,PART VERB ADP,M,1
813,PART PUNCT _,RJ,1
812,PART PUNCT PUNCT,RT,1
810,PART PUNCT PRON,MT,1
809,PART PUNCT ADV,MY,1
807,PART PRON PRON,ID,1
798,NUM PUNCT NOUN,R,1
806,PART PART VERB,MY,1
805,PART CCONJ PRON,MT,1
804,PART ADV ADJ,MY,1
803,PART ADP DET,RY,1
802,PART ADJ PUNCT,MY,1
801,PART ADJ NOUN,MT,1
799,NUM PUNCT NOUN,RP,1
770,NOUN VERB ADV,R,1
769,NOUN VERB ADV,MN,1
768,NOUN VERB ADP,UP,1
731,NOUN PUNCT DET,RP,1
741,NOUN PUNCT PRON,DN,1
739,NOUN PUNCT NOUN,UP,1
738,NOUN PUNCT NOUN,UC,1
737,NOUN PUNCT NOUN,SX,1
736,NOUN PUNCT NOUN,S,1
733,NOUN PUNCT NOUN,FV,1
732,NOUN PUNCT DET,S,1
730,NOUN PUNCT DET,MN,1
767,NOUN VERB ADP,UN,1
729,NOUN PUNCT DET,DN,1
727,NOUN PUNCT CCONJ,R,1
726,NOUN PUNCT CCONJ,DN,1
725,NOUN PUNCT ADV,SX,1
722,NOUN PUNCT ADP,UJ,1
720,NOUN PROPN VERB,W,1
719,NOUN PROPN VERB,RP,1
742,NOUN PUNCT PRON,MN,1
743,NOUN PUNCT PRON,RN,1
744,NOUN PUNCT PRON,S,1
745,NOUN PUNCT PRON,SX,1
766,NOUN VERB ADP,UA,1
765,NOUN VERB ADP,S,1
764,NOUN VERB ADJ,W,1
763,NOUN VERB ADJ,FV,1
761,NOUN VERB ADJ,AGV,1
760,NOUN PUNCT _,UY,1
759,NOUN PUNCT _,UJ,1
757,NOUN PUNCT _,R,1
755,NOUN PUNCT _,MA,1
753,NOUN PUNCT X,MN,1
752,NOUN PUNCT VERB,S,1
751,NOUN PUNCT VERB,RP,1
750,NOUN PUNCT VERB,MN,1
749,NOUN PUNCT VERB,FV,1
748,NOUN PUNCT PUNCT,RP,1
820,PART VERB ADP,UT,1
821,PART VERB ADP,UY,1
823,PART VERB ADV,MV,1
909,PRON VERB PRON,UV,1
925,PROPN ADV ADP,S,1
924,PROPN ADP DET,RP,1
923,PROPN ADP ADP,RP,1
921,PRON VERB VERB,UY,1
919,PRON VERB VERB,UN,1
917,PRON VERB VERB,RA,1
910,PRON VERB PROPN,UC,1
907,PRON VERB PART,W,1
894,PRON VERB ADV,X,1
905,PRON VERB PART,RP,1
904,PRON VERB PART,R,1
903,PRON VERB PART,MA,1
901,PRON VERB NUM,M,1
900,PRON VERB NOUN,MA,1
899,PRON VERB DET,W,1
898,PRON VERB DET,UV,1
926,PROPN ADV ADV,RP,1
927,PROPN ADV ADV,W,1
928,PROPN ADV PUNCT,MA,1
929,PROPN ADV PUNCT,SA,1
947,PROPN PROPN ADP,S,1
946,PROPN PRON VERB,S,1
945,PROPN PRON VERB,RP,1
944,PROPN PART PROPN,MP,1
941,PROPN PART ADJ,MP,1
940,PROPN NOUN PUNCT,S,1
939,PROPN NOUN PUNCT,RP,1
938,PROPN NOUN NOUN,S,1
937,PROPN NOUN DET,S,1
936,PROPN NOUN ADP,U,1
934,PROPN DET NOUN,S,1
933,PROPN CCONJ PROPN,UP,1
932,PROPN CCONJ PROPN,RN,1
931,PROPN CCONJ PRON,SA,1
930,PROPN CCONJ DET,S,1
897,PRON VERB DET,RA,1
892,PRON VERB ADV,UP,1
824,PART VERB ADV,RV,1
839,PART VERB PRON,UT,1
850,PRON ADJ ADP,MA,1
849,PART VERB VERB,UC,1
848,PART VERB VERB,MV,1
846,PART VERB PUNCT,UY,1
845,PART VERB PUNCT,RV,1
842,PART VERB PROPN,MV,1
840,PART VERB PRON,UY,1
837,PART VERB PART,RV,1
891,PRON VERB ADV,UC,1
836,PART VERB PART,MV,1
832,PART VERB INTJ,FV,1
831,PART VERB DET,UY,1
829,PART VERB DET,ID,1
827,PART VERB CCONJ,R,1
826,PART VERB CCONJ,MV,1
825,PART VERB CCONJ,FV,1
851,PRON ADJ NOUN,MQ,1
856,PRON ADV NOUN,MA,1
859,PRON ADV VERB,AS,1
860,PRON ADV VERB,M,1
889,PRON VERB ADV,RA,1
883,PRON VERB ADJ,UP,1
880,PRON VERB ADJ,AS,1
879,PRON PUNCT VERB,UV,1
877,PRON PUNCT NOUN,MA,1
876,PRON PUNCT DET,MA,1
875,PRON PUNCT CCONJ,S,1
872,PRON PRON VERB,S,1
870,PRON PART ADV,W,1
869,PRON NOUN VERB,R,1
868,PRON DET PROPN,R,1
866,PRON DET NOUN,AS,1
865,PRON DET ADJ,RQ,1
864,PRON CCONJ VERB,MA,1
862,PRON CCONJ ADV,MA,1
718,NOUN PROPN DET,RP,1
716,NOUN PRON VERB,SX,1
498,ADV _ _,S,1
573,DET NOUN ADV,RD,1
583,DET NOUN PART,UV,1
581,DET NOUN PART,M,1
580,DET NOUN NOUN,UJ,1
578,DET NOUN NOUN,AS,1
577,DET NOUN CCONJ,UY,1
576,DET NOUN CCONJ,RP,1
575,DET NOUN CCONJ,R,1
572,DET NOUN ADV,AGQ,1
586,DET NOUN PRON,RY,1
570,DET NOUN ADP,UV,1
569,DET NOUN ADP,UC,1
567,DET NOUN ADP,S,1
564,DET NOUN ADP,M,1
563,DET NOUN ADJ,X,1
560,DET DET VERB,S,1
559,DET CCONJ PRON,MA,1
584,DET NOUN PRON,AS,1
587,DET NOUN PRON,W,1
713,NOUN PRON VERB,M,1
602,DET PRON VERB,M,1
614,DET VERB ADP,S,1
613,DET SYM NUM,U,1
612,DET PUNCT VERB,FA,1
611,DET PUNCT NOUN,MD,1
610,DET PUNCT DET,MP,1
606,DET PROPN ADV,R,1
603,DET PRON VERB,R,1
600,DET NUM NOUN,S,1
589,DET NOUN PUNCT,M,1
599,DET NUM NOUN,MD,1
597,DET NOUN VERB,M,1
596,DET NOUN PUNCT,X,1
595,DET NOUN PUNCT,UY,1
594,DET NOUN PUNCT,UT,1
592,DET NOUN PUNCT,RD,1
590,DET NOUN PUNCT,MN,1
558,DET CCONJ NOUN,MA,1
557,DET ADV VERB,S,1
556,DET ADV PUNCT,MA,1
513,CCONJ ADV VERB,MC,1
522,CCONJ PRON AUX,RC,1
521,CCONJ NUM NOUN,MC,1
519,CCONJ NOUN PRON,RC,1
518,CCONJ NOUN ADV,UY,1
517,CCONJ DET PUNCT,UC,1
515,CCONJ DET NOUN,R,1
514,CCONJ DET ADJ,RP,1
512,CCONJ ADV PUNCT,MC,1
555,DET ADV PUNCT,DA,1
511,CCONJ ADV PRON,RC,1
510,CCONJ ADV PRON,MC,1
509,CCONJ ADV ADP,RP,1
506,CCONJ ADP ADP,UY,1
505,CCONJ ADJ NOUN,RC,1
503,CCONJ ADJ ADP,RC,1
499,AUX ADV PRON,RV,1
523,CCONJ PRON NOUN,R,1
524,CCONJ PRON PUNCT,R,1
525,CCONJ PRON VERB,MN,1
528,CCONJ PROPN PUNCT,MC,1
554,DET ADV PROPN,MA,1
553,DET ADV PART,MA,1
551,DET ADP PRON,AS,1
550,DET ADP DET,R,1
549,DET ADP DET,ID,1
544,DET ADJ NOUN,U,1
543,DET ADJ NOUN,SX,1
542,DET ADJ NOUN,R,1
538,DET ADJ ADP,UV,1
536,CCONJ VERB PRON,MC,1
535,CCONJ VERB NOUN,MC,1
534,CCONJ VERB DET,MC,1
532,CCONJ PUNCT ADP,R,1
530,CCONJ PROPN PUNCT,RC,1
529,CCONJ PROPN PUNCT,R,1
615,DET VERB ADV,M,1
620,DET VERB DET,S,1
621,DET VERB DET,W,1
679,NOUN CCONJ VERB,RJ,1
686,NOUN DET VERB,UJ,1
685,NOUN DET VERB,RP,1
684,NOUN DET VERB,R,1
683,NOUN DET PRON,UJ,1
682,NOUN DET ADJ,S,1
681,NOUN CCONJ VERB,S,1
680,NOUN CCONJ VERB,RP,1
678,NOUN CCONJ VERB,MN,1
668,NOUN CCONJ DET,MN,1
677,NOUN CCONJ PROPN,RP,1
676,NOUN CCONJ PRON,RP,1
675,NOUN CCONJ NOUN,UV,1
674,NOUN CCONJ NOUN,SX,1
672,NOUN CCONJ NOUN,MN,1
671,NOUN CCONJ NOUN,FN,1
670,NOUN CCONJ NOUN,DN,1
687,NOUN NOUN ADJ,W,1
688,NOUN NOUN ADP,CN,1
689,NOUN NOUN ADP,DN,1
690,NOUN NOUN ADP,RP,1
711,NOUN PART VERB,MN,1
709,NOUN PART NOUN,S,1
708,NOUN NUM PUNCT,W,1
707,NOUN NUM NOUN,MN,1
706,NOUN NUM CCONJ,MN,1
705,NOUN NOUN VERB,SX,1
703,NOUN NOUN PUNCT,RV,1
699,NOUN NOUN PUNCT,FV,1
698,NOUN NOUN PART,R,1
697,NOUN NOUN NOUN,S,1
696,NOUN NOUN NOUN,RP,1
695,NOUN NOUN CCONJ,RP,1
694,NOUN NOUN CCONJ,RN,1
693,NOUN NOUN ADV,SX,1
692,NOUN NOUN ADV,RN,1
669,NOUN CCONJ DET,RP,1
667,NOUN CCONJ ADV,MN,1
622,DET VERB NOUN,MA,1
633,NOUN ADJ PUNCT,W,1
640,NOUN ADP DET,R,1
639,NOUN ADP DET,M,1
638,NOUN ADP ADV,RN,1
637,NOUN ADP ADP,RP,1
636,NOUN ADP ADJ,RJ,1
635,NOUN ADP ADJ,MQ,1
634,NOUN ADJ PUNCT,X,1
632,NOUN ADJ PUNCT,ID,1
666,NOUN CCONJ ADP,RP,1
631,INTJ PUNCT _,RP,1
630,INTJ PUNCT VERB,SX,1
629,INTJ PUNCT PUNCT,RP,1
628,INTJ PROPN PUNCT,RP,1
625,DET VERB VERB,M,1
624,DET VERB PUNCT,MD,1
623,DET VERB PRON,MC,1
643,NOUN ADP DET,UV,1
644,NOUN ADP DET,W,1
645,NOUN ADP NOUN,AGN,1
646,NOUN ADP NOUN,RA,1
665,NOUN ADV VERB,UV,1
664,NOUN ADV VERB,S,1
662,NOUN ADV PUNCT,S,1
661,NOUN ADV PUNCT,R,1
660,NOUN ADV PUNCT,MN,1
659,NOUN ADV PUNCT,MA,1
657,NOUN ADV ADJ,S,1
656,NOUN ADV ADJ,AGN,1
655,NOUN ADP VERB,UP,1
654,NOUN ADP PROPN,UJ,1
653,NOUN ADP PROPN,RP,1
651,NOUN ADP PRON,S,1
650,NOUN ADP PRON,RJ,1
649,NOUN ADP PRON,IN,1
648,NOUN ADP NOUN,UJ,1
1577,_ _ _,M,1
