,incorrect_trigram_penn,error_type,count
200,IN DT NN,RT,168
305,IN PRP$ NN,RT,54
1303,VB DT NN,RV,37
267,IN NNP IN,RT,33
950,PRP MD VB,MP,29
321,IN TO VB,UT,28
1811,VBP TO VB,TV,26
213,IN DT NNS,RT,26
554,NN . _,S,23
592,NN IN DT,RN,22
206,IN DT NN,UT,22
1326,VB IN DT,RV,20
594,NN IN DT,S,19
452,JJ TO VB,S,15
713,NN TO VB,S,15
552,NN . _,RN,15
953,PRP MD VB,RA,15
613,NN IN NN,RN,14
489,MD VB IN,TV,14
283,IN PRP .,RT,14
521,"NN , IN",MD,14
1254,TO VB IN,FV,14
280,"IN PRP ,",RT,13
391,JJ IN DT,S,13
484,MD VB DT,TV,13
615,NN IN NN,S,12
1300,VB DT NN,FV,12
191,IN DT NN,ID,12
197,IN DT NN,R,12
1892,VBZ RB JJ,MA,12
824,"NNS , IN",AGN,12
1304,VB DT NN,S,11
1245,TO VB DT,FV,11
1443,VBD DT NN,RV,11
505,MD VB TO,TV,11
313,IN PRP$ NNS,RT,11
430,JJ NN IN,RJ,11
1721,VBP DT NN,TV,11
432,JJ NN IN,S,10
1388,VB PRP$ NN,RV,10
1919,WDT NN IN,RQ,10
250,IN NN IN,RT,10
996,PRP VBP IN,MP,9
194,IN DT NN,MP,9
376,JJ . _,S,9
216,IN DT NNS,UT,9
248,IN NN IN,R,9
531,"NN , RB",S,9
1485,VBD PRP$ NN,S,8
1926,WDT VBZ DT,MP,8
1043,PRP$ NN .,MT,8
1323,VB IN DT,FV,8
662,NN NN IN,MD,8
632,NN IN NNS,AGN,8
389,JJ IN DT,RJ,8
1547,VBG DT NN,IV,8
1446,VBD DT NN,TV,8
685,NN NNS IN,AGN,7
641,NN IN NNS,S,7
204,IN DT NN,U,7
1063,PRP$ NN RB,MA,7
954,PRP MD VB,TV,7
981,PRP VBD DT,RA,7
374,JJ . _,RJ,7
1955,_ _ _,MP,7
1172,RB RB DT,MP,7
1507,VBD TO VB,TV,7
1136,RB JJ .,RY,7
1149,RB MD VB,W,7
1327,VB IN DT,S,7
1375,VB PRP RB,FV,6
655,NN MD VB,AGN,6
1366,VB PRP DT,RV,6
102,DT JJ NNS,UD,6
597,NN IN DT,W,6
287,IN PRP CC,RT,6
294,IN PRP VBZ,MP,6
588,NN IN DT,MD,6
584,NN IN DT,FN,6
583,NN IN DT,DN,6
546,NN . _,MD,6
581,NN IN DT,AGN,6
298,IN PRP$ NN,ID,6
301,IN PRP$ NN,MP,6
525,"NN , IN",S,6
1546,VBG DT NN,FV,6
1713,VBP DT NN,AGV,6
451,JJ TO VB,RJ,6
1572,VBG IN PRP$,RV,6
1601,VBG PRP$ NN,FV,6
1809,VBP TO VB,RV,6
1696,VBN TO VB,S,6
711,NN TO VB,RN,6
985,PRP VBD IN,MP,6
1447,VBD DT NN,W,5
523,"NN , IN",RN,5
956,PRP MD VB,UA,5
558,NN . _,UN,5
1097,RB . _,UY,5
241,IN JJ NN,RT,5
1561,VBG IN NN,IV,5
967,PRP TO VB,MT,5
1140,RB JJ IN,MV,5
516,"NN , DT",MD,5
195,IN DT NN,MV,5
512,NN '' IN,UN,5
1513,VBD VBG IN,TV,5
500,MD VB RB,TV,5
1132,RB JJ .,DY,5
1870,VBZ JJ TO,MA,5
1549,VBG DT NN,MP,5
481,MD VB DT,MA,5
114,DT NN CC,UD,5
1849,VBZ DT NN,W,5
1238,TO VB .,FV,5
427,JJ NN IN,MD,5
1329,VB IN NN,FV,5
1266,TO VB RB,FV,5
1808,VBP TO VB,MV,5
1615,VBG TO VB,IV,5
721,NN VBD IN,S,5
631,NN IN NNP,W,5
629,NN IN NNP,SA,5
741,NN VBZ IN,RN,5
1551,VBG DT NN,RV,5
1695,VBN TO VB,RV,5
1094,RB . _,RY,5
412,"JJ NN ,",MD,5
1389,VB PRP$ NN,S,5
1410,VB TO VB,RV,5
882,NNS NNS IN,IJ,5
309,IN PRP$ NN,W,4
1944,WRB PRP VBD,MP,4
308,IN PRP$ NN,UT,4
1819,VBP VBG IN,TV,4
1855,VBZ IN DT,MA,4
201,IN DT NN,RY,4
1845,VBZ DT NN,AGV,4
1829,VBP VBN IN,TV,4
215,IN DT NNS,U,4
1735,VBP IN PRP$,TV,4
1765,VBP PRP .,TV,4
1769,VBP PRP DT,TV,4
1128,"RB JJ ,",DY,4
1440,VBD DT NN,MA,4
325,IN VBG IN,RT,4
667,NN NN IN,S,4
1088,RB . _,DY,4
1072,PRP$ RB .,DA,4
1071,"PRP$ RB ,",DA,4
1055,PRP$ NN IN,MT,4
957,PRP MD VB,W,4
1185,RB TO VB,UY,4
935,PRP . _,MT,4
1250,TO VB DT,TV,4
742,NN VBZ IN,S,4
679,NN NN RB,MD,4
658,NN MD VB,RN,4
1603,VBG PRP$ NN,MT,4
1357,VB NN IN,RV,4
639,NN IN NNS,RN,4
628,NN IN NNP,S,4
1386,VB PRP$ NN,FV,4
595,NN IN DT,SX,4
591,NN IN DT,R,4
543,NN . _,FN,4
1505,VBD TO VB,RV,4
488,MD VB IN,RV,4
1560,VBG IN NN,FV,4
192,IN DT NN,MA,4
0,'' IN DT,MP,4
112,DT NN CC,RD,4
124,DT NN RB,R,4
111,DT NN CC,R,4
126,DT NN RB,UD,4
69,CD IN NNP,MP,4
1396,VB PRP$ NNS,S,3
919,NNS WDT DT,RN,3
1391,VB PRP$ NN,TV,3
1648,VBN DT NN,FV,3
109,DT NN CC,MT,3
941,PRP DT NNS,MT,3
260,IN NN RB,RT,3
948,PRP MD VB,MC,3
401,JJ IN NNS,S,3
255,IN NN PRP,MP,3
1782,VBP PRP$ NN,TV,3
1338,VB IN PRP$,FV,3
247,IN NN IN,MP,3
246,IN NN IN,ID,3
1909,VBZ VBN IN,AGV,3
986,PRP VBD IN,RA,3
1333,VB IN NNP,FV,3
158,DT VBZ DT,RA,3
1328,VB IN DT,TV,3
569,NN CC DT,S,3
1010,PRP VBZ DT,RA,3
1011,PRP VBZ DT,UA,3
234,IN IN DT,RY,3
1014,PRP VBZ IN,RA,3
1395,VB PRP$ NNS,RV,3
1404,"VB RP ,",MP,3
1667,VBN IN PRP$,RV,3
659,NN MD VB,S,3
340,"JJ , DT",S,3
738,NN VBZ DT,S,3
1553,VBG DT NN,TV,3
1555,VBG DT NNS,FV,3
768,"NNP , _",S,3
691,NN NNS RB,AGN,3
358,JJ . IN,S,3
680,NN NN RB,RP,3
799,NNP PRP VBD,S,3
665,NN NN IN,RN,3
1492,VBD RB DT,AGV,3
811,NNP VBZ NN,RP,3
1891,VBZ RB JJ,AGV,3
1810,VBP TO VB,S,3
1868,VBZ JJ IN,MA,3
300,IN PRP$ NN,MA,3
1465,VBD JJ IN,RV,3
1458,VBD IN PRP$,TV,3
627,NN IN NNP,RP,3
860,NNS IN NNP,RN,3
620,NN IN NN,W,3
614,NN IN NN,RP,3
609,NN IN NN,MD,3
1639,VBN . _,RV,3
1310,VB DT NNS,RV,3
1179,RB TO VB,DJ,3
1306,VB DT NN,TV,3
518,"NN , DT",S,3
1685,VBN PRP$ NN,S,3
433,JJ NN IN,SX,3
530,"NN , RB",FN,3
1090,RB . _,MA,3
1095,RB . _,S,3
524,"NN , IN",RP,3
1762,"VBP PRP ,",TV,3
564,NN CC DT,AGN,3
1116,RB IN DT,RY,3
538,NN . IN,RP,3
1117,RB IN DT,S,3
514,"NN , DT",AGN,3
1130,"RB JJ ,",X,3
1711,VBP CD NNS,TV,3
1718,VBP DT NN,RV,3
1719,VBP DT NN,S,3
179,IN CD NNS,UT,3
177,IN CD NNS,RT,3
207,IN DT NN,W,3
519,"NN , IN",AGN,3
1291,VB . _,RV,3
421,"JJ NN ,",S,3
1302,VB DT NN,R,3
225,IN DT VBZ,MP,3
542,NN . _,DN,3
553,NN . _,RP,3
1036,PRP$ JJ NN,MT,3
419,"JJ NN ,",RJ,3
582,NN IN DT,DJ,2
486,MD VB IN,MA,2
92,DT IN DT,RA,2
670,NN NN IN,UN,2
666,NN NN IN,RP,2
1723,VBP DT NNS,MA,2
663,NN NN IN,MP,2
1666,VBN IN NNS,S,2
1722,VBP DT NNS,AGV,2
556,NN . _,SX,2
1602,VBG PRP$ NN,IV,2
1605,VBG PRP$ NNS,RV,2
652,NN JJ HYPH,S,2
1664,VBN IN NNP,RV,2
507,MD VB VB,RP,2
131,"DT NNP ,",UD,2
91,DT IN DT,R,2
646,NN IN VB,MD,2
1564,VBG IN NN,RV,2
470,JJR NN .,MD,2
724,NN VBD JJ,RN,2
1734,VBP IN PRP$,S,2
1552,VBG DT NN,S,2
472,JJR PRP$ NN,W,2
1725,VBP DT NNS,TV,2
1557,VBG DT NNS,MP,2
89,DT CD NNS,AGD,2
709,NN TO VB,MQ,2
1581,VBG NN IN,RV,2
708,NN TO VB,MD,2
1571,VBG IN PRP$,RT,2
700,NN RB JJ,W,2
693,NN PRP VBZ,S,2
557,NN . _,TV,2
1578,VBG NN IN,FV,2
483,MD VB DT,RV,2
1579,VBG NN IN,MP,2
1610,VBG RB IN,RV,2
1675,VBN NN IN,TV,2
1617,VBG TO VB,MP,2
1650,VBN DT NN,RV,2
547,NN . _,MJ,2
121,DT NN PRP$,W,2
596,NN IN DT,UN,2
1686,VBN PRP$ NN,TV,2
108,DT NN CC,MA,2
1659,VBN IN NN,S,2
541,NN . _,DJ,2
1651,VBN DT NN,S,2
1647,VBN DT IN,RV,2
536,NN . IN,MD,2
537,NN . IN,RN,2
115,DT NN DT,R,2
585,NN IN DT,FV,2
1684,VBN PRP$ NN,FV,2
540,NN . _,AGN,2
1550,VBG DT NN,MT,2
527,"NN , IN",UN,2
526,"NN , IN",SX,2
1618,VBG TO VB,MV,2
626,NN IN NNP,RN,2
113,DT NN CC,SX,2
1620,VBG TO VB,S,2
636,NN IN NNS,MD,2
570,NN CC DT,SX,2
634,NN IN NNS,FN,2
633,NN IN NNS,DN,2
100,DT JJ NNS,R,2
623,NN IN NNP,MA,2
1644,VBN CD NNS,TV,2
575,NN CC VBZ,RP,2
617,NN IN NN,SX,2
612,NN IN NN,R,2
551,NN . _,R,2
607,NN IN NN,ID,2
1640,VBN . _,S,2
603,NN IN IN,S,2
725,NN VBD JJ,S,2
1500,VBD RB TO,X,2
31,. RB PRP,W,2
1305,VB DT NN,SX,2
1260,TO VB IN,UV,2
1263,TO VB NNS,FV,2
1268,TO VB RB,RV,2
1056,PRP$ NN IN,R,2
1280,UH PRP VBZ,S,2
1051,PRP$ NN CC,MT,2
1295,VB CD NNS,FV,2
1032,PRP$ DT NN,UD,2
53,CC PRP VBD,MP,2
1028,PRP VBZ VBN,UA,2
1026,PRP VBZ VBN,RA,2
52,CC PRP VBD,MA,2
1021,PRP VBZ PRP$,RA,2
1078,"RB , DT",MP,2
1013,PRP VBZ IN,MP,2
1322,VB IN DT,DV,2
49,CC NN IN,MP,2
48,CC NN .,RC,2
992,PRP VBP .,MA,2
980,PRP VBD DT,MP,2
1341,VB IN PRP$,RV,2
976,PRP VB IN,RA,2
969,PRP TO VB,UA,2
1351,VB JJ IN,RV,2
963,PRP RB JJ,R,2
1356,VB NN IN,MD,2
1259,TO VB IN,TV,2
1256,TO VB IN,MV,2
1367,VB PRP DT,S,2
1129,"RB JJ ,",RY,2
1176,RB RB JJ,X,2
1174,RB RB JJ,M,2
1187,RB TO VB,X,2
1165,RB PRP VBD,W,2
1189,RB VB DT,RY,2
1162,RB PRP VBD,MP,2
1160,RB NNS JJ,RD,2
1154,RB NN IN,DJ,2
1197,RB VBD RB,DY,2
1139,RB JJ IN,MA,2
1135,RB JJ .,MV,2
1214,RB VBN IN,UY,2
1124,RB IN NNP,RY,2
1255,TO VB IN,M,2
1120,RB IN DT,W,2
1113,RB IN DT,R,2
1107,RB DT NNS,RP,2
1234,RP TO VB,UT,2
1236,"TO VB ,",FV,2
1244,TO VB CD,FV,2
1247,TO VB DT,MY,2
1089,RB . _,FJ,2
1249,TO VB DT,RV,2
1251,TO VB DT,UV,2
1083,"RB , IN",R,2
55,CC PRP VBD,UC,2
1359,VB NN RB,MD,2
1370,VB PRP NN,FV,2
1543,VBG DT IN,FV,2
1516,VBD VBN CD,AGV,2
1486,VBD PRP$ NN,TV,2
1491,VBD RB .,TV,2
1493,VBD RB DT,RV,2
1494,VBD RB DT,TV,2
798,NNP PRP VBD,RP,2
794,NNP NNP PRP,MP,2
1744,VBP MD VB,MP,2
789,NNP NNP .,MD,2
781,NNP IN IN,RP,2
780,NNP IN DT,S,2
779,NNP IN DT,RP,2
1515,VBD VBG RB,AGV,2
1518,VBD VBN DT,TV,2
810,NNP VBZ JJ,MD,2
1522,VBD VBN NN,UV,2
761,"NNP , IN",RP,2
1525,VBD VBN PRP$,TV,2
1526,VBD VBN RB,TV,2
751,NN WDT PRP,S,2
749,NN WDT PRP,FN,2
747,NN VBZ TO,RN,2
746,NN VBZ PRP$,S,2
743,NN VBZ JJ,MD,2
87,DT . _,RA,2
1540,VBG CD NNS,MT,2
736,NN VBZ DT,AGN,2
809,NNP VBZ DT,RP,2
812,NNP VBZ NN,S,2
1373,VB PRP PRP$,SX,2
870,"NNS JJ ,",MP,2
937,PRP . _,RA,2
931,PDT DT NN,W,2
41,CC DT NNS,RC,2
923,NNS WDT PRP,RN,2
1401,VB RB IN,W,2
1411,VB TO VB,S,2
1412,VB TO VB,TV,2
886,NNS PRP VBP,AGN,2
1425,VB WP VBD,FV,2
881,NNS NNS .,S,2
880,NNS NNS .,IQ,2
1436,VBD DT IN,FV,2
1438,VBD DT NN,AS,2
1481,VBD PRP VBP,S,2
1441,VBD DT NN,MV,2
858,NNS IN NNP,FN,2
857,NNS IN NN,W,2
856,NNS IN NN,S,2
853,NNS IN IN,MD,2
1452,VBD DT NNS,TV,2
1457,VBD IN PRP$,RV,2
843,NNS CC DT,S,2
839,NNS CC DT,AGN,2
1468,VBD NN IN,TV,2
828,"NNS , NNS",S,2
826,"NNS , IN",S,2
463,JJ WRB PRP,S,2
171,IN . PRP,SX,2
458,JJ VBG IN,W,2
1847,VBZ DT NN,RV,2
352,JJ . CC,S,2
1830,VBP VBN PRP$,AGV,2
1833,VBP VBN RB,TV,2
339,"JJ , DT",RJ,2
1837,VBP VBP TO,RV,2
334,IN WDT NN,UT,2
332,IN WDT NN,RT,2
8,", IN DT",MC,2
1887,VBZ RB DT,W,2
1853,VBZ IN DT,AGV,2
316,IN RB IN,UT,2
314,IN PRP$ NNS,UT,2
1857,VBZ IN DT,TV,2
311,IN PRP$ NNS,ID,2
1865,VBZ JJ .,RV,2
299,IN PRP$ NN,M,2
365,JJ . RB,S,2
373,JJ . _,R,2
1806,VBP TO VB,FV,2
141,DT PRP VBD,SX,2
422,"JJ NN ,",UJ,2
1774,VBP PRP VBP,RV,2
414,"JJ NN ,",MQ,2
413,"JJ NN ,",MP,2
411,"JJ NN ,",ID,2
1780,VBP PRP$ NN,RV,2
408,"JJ NN ,",AGQ,2
400,JJ IN NNP,MD,2
399,JJ IN NN,S,2
1791,VBP RB JJ,AGV,2
393,JJ IN DT,TV,2
139,DT NNS RB,UD,2
140,DT NNS VBZ,R,2
387,JJ IN DT,DJ,2
1796,VBP RB JJ,TV,2
284,IN PRP .,U,2
278,"IN PRP ,",R,2
428,JJ NN IN,MT,2
188,IN DT IN,RT,2
202,IN DT NN,S,2
1938,WRB DT NN,R,2
1939,WRB DT NN,RC,2
199,IN DT NN,RP,2
196,IN DT NN,MY,2
169,"IN , VBD",RT,2
1947,WRB PRP VBD,R,2
187,IN DT CD,U,2
269,IN NNP PRP,RT,2
184,IN DT .,RT,2
183,"IN DT ,",RT,2
182,"IN DT ,",MP,2
1950,WRB PRP$ NN,R,2
178,IN CD NNS,SX,2
176,IN CD IN,RT,2
1954,_ _ _,M,2
162,DT VBZ VBN,RA,2
209,IN DT NNS,ID,2
211,IN DT NNS,R,2
1930,WP DT NN,MP,2
265,IN NNP IN,MP,2
263,"IN NNP ,",RT,2
257,IN NN PRP,RT,2
256,IN NN PRP,R,2
251,IN NN IN,UT,2
249,IN NN IN,RP,2
242,IN JJ NN,UT,2
239,IN JJ NN,R,2
238,IN JJ NN,ID,2
235,IN IN DT,SX,2
233,IN IN DT,RT,2
232,IN IN DT,R,2
1923,WDT VBD DT,MP,2
1925,WDT VBP IN,RA,2
219,IN DT PRP,MC,2
423,JJ NN DT,MQ,2
674,NN NN PRP,S,2
1768,VBP PRP DT,MV,2
437,JJ NNS IN,MV,2
16,", RB PRP",RP,2
449,JJ TO VB,MD,2
1748,VBP NN IN,RV,2
1746,VBP NN .,RV,2
434,JJ NN IN,UJ,2
440,JJ NNS JJ,RP,2
1353,VB JJ IN,UV,1
1355,VB NN IN,AS,1
1904,VBZ VBN DT,AGV,1
1354,VB JJ RB,FV,1
1905,VBZ VBN DT,MA,1
1352,VB JJ IN,S,1
46,"CC NN ,",MP,1
1350,VB JJ IN,AS,1
1906,VBZ VBN DT,MP,1
1349,VB JJ DT,M,1
1348,VB JJ CC,UV,1
1347,VB JJ .,RV,1
1346,VB JJ .,MP,1
1345,"VB JJ ,",FV,1
1717,VBP DT NN,MV,1
1716,VBP DT NN,MA,1
1358,VB NN IN,TV,1
1368,VB PRP MD,MY,1
1374,VB PRP RB,AGV,1
1900,VBZ TO VB,TV,1
1372,VB PRP NNS,RV,1
1371,VB PRP NN,S,1
1901,VBZ VBG .,RV,1
1369,VB PRP NN,AGV,1
1902,VBZ VBG DT,RV,1
1903,VBZ VBG IN,TV,1
1755,VBP NNP WP,TV,1
45,CC JJ IN,RC,1
1365,VB PRP DT,FV,1
1364,VB PRP DT,DV,1
1363,VB NNP CC,TV,1
1362,"VB NNP ,",RV,1
1361,VB NN RB,W,1
1360,VB NN RB,RV,1
1344,VB IN WP,RV,1
1342,VB IN PRP$,S,1
1343,VB IN WP,FV,1
44,"CC JJ ,",R,1
1324,VB IN DT,ID,1
50,CC NN IN,SX,1
1913,VBZ WDT VBZ,TV,1
1321,"VB IN ,",RV,1
1320,VB DT ``,RV,1
1319,VB DT VBD,MA,1
1318,VB DT RBS,TV,1
1317,VB DT PRP$,S,1
1316,VB DT PRP$,RV,1
1315,VB DT PRP$,FV,1
1314,VB DT PRP$,AGV,1
1914,VBZ WRB JJ,MN,1
1313,VB DT NNS,W,1
1752,"VBP NNP ,",AGV,1
1751,VBP NN JJ,TV,1
1312,VB DT NNS,TV,1
1311,VB DT NNS,S,1
1325,VB IN DT,R,1
1753,VBP NNP .,TV,1
18,", VBD IN",DJ,1
1910,VBZ VBN IN,MA,1
1907,VBZ VBN DT,R,1
1754,VBP NNP IN,TV,1
1340,VB IN PRP$,MA,1
1339,VB IN PRP$,M,1
1908,VBZ VBN DT,TV,1
1337,VB IN PRP$,DV,1
1336,VB IN PDT,TV,1
1335,VB IN PDT,RV,1
1912,VBZ VBN RB,AGV,1
1334,VB IN NNP,TV,1
1911,VBZ VBN PRP$,AGV,1
1332,VB IN NN,W,1
1331,VB IN NN,SA,1
1720,VBP DT NN,SX,1
1330,VB IN NN,RV,1
47,"CC NN ,",UC,1
1715,VBP DT NN,DV,1
1899,VBZ TO VB,MA,1
1376,VB PRP RB,M,1
1422,VB VBZ NN,RV,1
1428,VBD . CC,RV,1
1427,"VBD , IN",IV,1
1426,VB WP VBZ,RV,1
1712,VBP DT IN,TV,1
1888,VBZ RB IN,R,1
1424,VB WDT PRP,SX,1
1423,VB WDT MD,M,1
1421,VB VBZ IN,FV,1
1886,VBZ RB DT,M,1
1420,VB VBN RB,MV,1
1419,VB VBN JJ,RV,1
1418,VB VBN DT,R,1
1417,VB VBG IN,S,1
1416,VB VBG IN,FV,1
1415,VB VBG DT,FV,1
1414,VB VB IN,UV,1
1756,VBP NNS RB,UV,1
1429,VBD . NNP,TV,1
1889,VBZ RB IN,RV,1
1883,VBZ PRP$ NN,MA,1
1445,VBD DT NN,SX,1
1444,VBD DT NN,S,1
38,CC DT NN,RC,1
1442,VBD DT NN,R,1
1710,VBP CD NNS,RV,1
39,CC DT NN,UC,1
1439,VBD DT NN,IV,1
1884,"VBZ RB ,",UV,1
1430,VBD . RB,MA,1
1437,VBD DT NN,AGV,1
1885,VBZ RB DT,AGV,1
1435,VBD CD NNS,W,1
1434,VBD CD NNS,RV,1
1433,VBD CC PRP,M,1
1432,VBD CC IN,TV,1
1431,VBD CC IN,RV,1
1413,VB VB .,S,1
1890,VBZ RB IN,TV,1
1377,VB PRP RB,RV,1
1384,VB PRP VBD,S,1
1390,VB PRP$ NN,SX,1
1897,VBZ TO DT,AGV,1
1898,VBZ TO VB,AGV,1
42,CC IN $,R,1
1387,VB PRP$ NN,R,1
43,CC IN PRP$,MP,1
1385,VB PRP$ NN,DV,1
1383,VB PRP VBD,RV,1
1392,VB PRP$ NNS,FV,1
1714,VBP DT NN,AS,1
1382,VB PRP VBD,DY,1
1381,VB PRP VB,RV,1
1380,VB PRP VB,MP,1
1379,VB PRP VB,MC,1
1378,VB PRP RB,S,1
1309,VB DT NNS,MA,1
1896,"VBZ RP ,",DN,1
19,", VBG DT",RP,1
40,CC DT NNS,MP,1
1402,VB RB NN,DV,1
1409,VB TO VB,MV,1
1408,VB TO VB,FV,1
1407,"VB RP ,",SX,1
1406,"VB RP ,",RV,1
1405,"VB RP ,",RP,1
5,", DT ,",MA,1
1403,VB RB PRP,AGV,1
1893,VBZ RB JJ,W,1
1393,VB PRP$ NNS,IV,1
1400,VB RB IN,RV,1
1399,VB RB IN,AGV,1
1398,VB RB DT,TV,1
1397,VB PRP$ NNS,TV,1
1894,VBZ RB TO,MA,1
1895,VBZ RB TO,X,1
1394,VB PRP$ NNS,RN,1
1915,WDT MD VB,MP,1
1916,WDT MD VB,S,1
1308,VB DT NNS,FV,1
17,", RB PRP",W,1
1224,RB VBZ RB,W,1
1223,RB VBZ RB,S,1
1222,RB VBZ RB,RY,1
1221,RB VBP VBZ,UY,1
1220,RB VBP VBN,W,1
1219,RB VBP VBN,TV,1
1218,RB VBP VBN,MV,1
1736,"VBP JJ ,",AGV,1
1225,RB VBZ VBN,W,1
1217,RB VBP VBG,W,1
1216,RB VBP NNS,MP,1
1215,RB VBP CC,S,1
1948,WRB PRP VBD,U,1
1949,WRB PRP VBZ,MC,1
1213,RB VBN IN,TV,1
1212,RB VBN CC,X,1
1946,WRB PRP VBD,MV,1
1226,"RBR JJ ,",IJ,1
1242,TO VB :,FV,1
1233,RP PRP NN,MA,1
1240,TO VB .,RV,1
1239,TO VB .,MT,1
58,CC RB IN,RP,1
1237,"TO VB ,",R,1
1235,TO RP PRP,R,1
1942,WRB IN WDT,UY,1
1943,WRB PRP VBD,MA,1
1232,RP NN IN,SX,1
1945,WRB PRP VBD,MT,1
1231,RP IN PRP$,UT,1
1230,RP CC IN,UY,1
1229,"RP , .",RT,1
2,", : DT",M,1
1228,RBR PRP$ NN,UJ,1
1227,"RBR JJ ,",RJ,1
1747,VBP NN IN,AS,1
1211,RB VBN .,RY,1
1737,"VBP JJ ,",TV,1
1210,RB VBG RB,UY,1
1186,RB TO VB,W,1
1191,RB VB DT,UV,1
1951,WRB TO VB,UC,1
1190,RB VB DT,S,1
1745,VBP MD VB,RV,1
1741,VBP JJ CC,TV,1
1188,RB VB .,MV,1
1952,WRB VBD PRP$,R,1
59,CC RB PRP,MP,1
1209,RB VBG RB,RY,1
1184,RB TO VB,S,1
1183,RB TO VB,RY,1
1182,RB TO VB,R,1
1181,RB TO VB,MA,1
1953,XX VBG TO,UP,1
1180,RB TO VB,DV,1
1742,VBP JJ IN,FV,1
1740,VBP JJ .,TV,1
1192,RB VB PRP,DY,1
1193,RB VB PRP,M,1
1194,RB VB PRP,RY,1
1208,RB VBG IN,S,1
1207,RB VBG IN,MV,1
1206,RB VBG IN,M,1
1205,RB VBG DT,R,1
1204,RB VBG DT,MT,1
1203,"RB VBG ,",W,1
1202,RB VBD VBN,W,1
1201,RB VBD TO,MV,1
1200,RB VBD RBS,UY,1
1199,RB VBD RB,S,1
1198,RB VBD RB,RY,1
1738,VBP JJ .,AGV,1
1739,VBP JJ .,S,1
1196,RB VBD NN,TV,1
1195,RB VBD NN,RY,1
1241,TO VB .,SX,1
1243,TO VB CC,TV,1
1307,VB DT NNS,AGV,1
1284,"VB , .",SX,1
3,", CC IN",MY,1
1290,VB . _,DJ,1
1289,VB . _,AGV,1
1288,VB . UH,S,1
1287,VB . NNS,RV,1
1286,VB . IN,S,1
1285,"VB , DT",TV,1
1283,"VB , .",FV,1
1293,VB : NN,RV,1
1282,UH RB RB,RY,1
1927,WDT VBZ DT,RA,1
1281,UH RB .,DA,1
1928,WDT VBZ JJ,MP,1
1279,UH PRP VBD,S,1
1278,UH IN PRP,DJ,1
1929,WDT VBZ JJ,RA,1
1292,VB : NN,DV,1
1294,VB CC TO,FJ,1
1941,WRB IN DT,SX,1
1922,WDT VBD .,SX,1
1882,VBZ PRP$ NN,IV,1
1917,WDT NN IN,MT,1
1918,WDT NN IN,RP,1
51,CC NNP .,RC,1
4,", CC RB",MA,1
1920,WDT NN PRP,R,1
1921,WDT NN PRP,RQ,1
1301,VB DT NN,IV,1
1749,VBP NN IN,TV,1
1750,VBP NN JJ,AGV,1
1299,VB DT NN,DV,1
1924,WDT VBD PRP$,RA,1
1298,VB DT NN,AS,1
1297,VB DT CD,RV,1
1296,VB CD NNS,S,1
1724,VBP DT NNS,SX,1
1277,TO VB WRB,RP,1
1276,TO VB WRB,R,1
1275,TO VB WDT,FV,1
56,CC PRP VBZ,RP,1
1934,WP VBD DT,MP,1
1729,VBP IN IN,SX,1
1935,WP VBD IN,RA,1
1936,WP VBZ PRP$,UV,1
1253,TO VB HYPH,UT,1
1252,TO VB DT,W,1
1937,WRB . CC,MP,1
1730,VBP IN NNS,FV,1
1274,TO VB VBZ,TV,1
1731,VBP IN NNS,S,1
1732,VBP IN NNS,TV,1
1248,TO VB DT,R,1
1733,VBP IN PRP$,R,1
1246,TO VB DT,MV,1
57,CC PRP$ NNS,MV,1
1940,WRB IN DT,AS,1
1257,TO VB IN,R,1
1728,VBP DT VBP,S,1
1258,TO VB IN,RP,1
1933,WP VBD DT,MA,1
1273,TO VB VBP,MV,1
1272,TO VB VB,MN,1
1271,TO VB VB,M,1
1270,TO VB TO,SX,1
1269,TO VB RB,U,1
1726,VBP DT NNS,W,1
1267,TO VB RB,R,1
54,CC PRP VBD,RC,1
1265,TO VB NNS,MV,1
1264,TO VB NNS,MP,1
1931,WP IN PRP,MP,1
1932,WP NNS RB,W,1
1262,TO VB JJR,UV,1
1261,TO VB IN,W,1
1727,VBP DT VBD,RV,1
37,CC DT NN,MP,1
1880,VBZ PRP VBZ,UV,1
36,CC DT JJS,RP,1
1609,VBG RB IN,M,1
22,"-LRB- NNS ,",MN,1
1614,VBG RP .,FV,1
1613,VBG RP .,DV,1
14,", RB IN",MV,1
1612,VBG RB WP,TV,1
1611,VBG RB IN,S,1
13,", RB IN",M,1
1608,VBG RB DT,RV,1
1807,VBP TO VB,L,1
12,", PRP VBD",RP,1
1607,VBG RB DT,MP,1
1606,VBG PRP$ NNS,S,1
1812,VBP TO VB,W,1
1604,VBG PRP$ NN,RV,1
23,. CC IN,M,1
1813,VBP VBD IN,S,1
1616,VBG TO VB,MA,1
21,-LRB- NNP NNP,MY,1
24,. DT NN,MN,1
1625,VBG VBG IN,MC,1
1629,VBG VBN CC,TV,1
1800,VBP RB TO,MP,1
1628,VBG VBN CC,RV,1
1627,VBG VBG IN,UV,1
1801,VBP RB TO,TV,1
1802,VBP RB VBP,RV,1
1626,VBG VBG IN,SX,1
1624,VBG VBG DT,TV,1
1619,VBG TO VB,RV,1
1803,VBP RB VBP,UV,1
1623,"VBG VBG ,",FV,1
1804,VBP RBR IN,AGV,1
1622,VBG VBD RB,S,1
1805,"VBP RP ,",RV,1
1621,VBG VBD JJ,DN,1
1760,"VBP PRP ,",MP,1
20,", VBZ IN",MT,1
1600,VBG PRP VBP,UN,1
1799,VBP RB TO,FV,1
1822,VBP VBG RB,W,1
1585,VBG NN JJ,FV,1
1584,VBG NN IN,UV,1
1820,VBP VBG JJ,TV,1
1583,VBG NN IN,SX,1
1582,VBG NN IN,S,1
1821,VBP VBG RB,TV,1
1580,VBG NN IN,MT,1
1823,VBP VBN CD,TV,1
1587,VBG NN RB,TV,1
1824,VBP VBN DT,AGV,1
1697,VBN TO VB,TV,1
1577,VBG JJ CC,RV,1
1576,VBG IN WRB,RN,1
1575,VBG IN WRB,MP,1
1574,VBG IN PRP$,U,1
1573,VBG IN PRP$,S,1
1586,VBG NN RB,MD,1
11,", PRP VBD",M,1
1599,VBG PRP VBP,S,1
1817,VBP VBG DT,RV,1
1814,VBP VBG .,S,1
1598,VBG PRP VBP,MV,1
1815,VBP VBG DT,AGV,1
1816,VBP VBG DT,MV,1
1597,VBG PRP VBP,DN,1
1596,VBG PRP VBD,RP,1
1595,VBG PRP VBD,RJ,1
1594,VBG PRP PRP$,AS,1
1818,VBP VBG DT,TV,1
1593,VBG PRP DT,MT,1
1592,VBG NNS RB,FV,1
1178,RB RB PRP,RC,1
1591,VBG NNS IN,W,1
1590,VBG NNS IN,DV,1
1589,VBG NNS IN,AS,1
1588,VBG NNS DT,RV,1
1630,VBG VBN IN,FV,1
1631,VBG VBN IN,MP,1
1881,VBZ PRP$ NN,AGV,1
1665,VBN IN NNS,RV,1
1672,VBN NN DT,RV,1
1671,VBN MD VB,S,1
1670,VBN JJ IN,S,1
1669,VBN JJ .,TV,1
1668,VBN IN PRP$,S,1
1688,VBN RB IN,S,1
1778,VBP PRP VBZ,SX,1
1779,VBP PRP$ NN,AGV,1
1777,VBP PRP VBP,UV,1
1689,VBN RB JJ,FV,1
1663,VBN IN NNP,IV,1
1662,VBN IN NNP,FV,1
1661,VBN IN NNP,DV,1
1660,VBN IN NN,TV,1
1690,VBN RB JJ,RV,1
1781,VBP PRP$ NN,S,1
1673,VBN NN IN,FV,1
1776,VBP PRP VBP,SX,1
1657,VBN IN NN,MP,1
1680,"VBN PRP ,",FV,1
1770,VBP PRP PRP,MV,1
1771,VBP PRP PRP,RV,1
1772,VBP PRP PRP,TV,1
1767,VBP PRP CC,TV,1
1683,VBN PRP$ $,TV,1
1682,VBN PRP VBP,FV,1
1681,VBN PRP DT,RV,1
1766,VBP PRP CC,DV,1
1674,VBN NN IN,RV,1
1679,VBN NNS IN,IJ,1
1678,VBN NNS IN,FV,1
1677,"VBN NNP ,",RJ,1
1773,VBP PRP VBP,MA,1
1676,VBN NN IN,UV,1
1687,VBN PRP$ NNS,R,1
1775,VBP PRP VBP,S,1
1658,VBN IN NN,R,1
1656,VBN IN NN,DJ,1
1632,VBG VBN IN,TV,1
1795,VBP RB JJ,R,1
1642,VBN CC DT,RV,1
1793,VBP RB JJ,MP,1
1641,"VBN CC ,",DJ,1
1693,VBN TO VB,FV,1
1794,VBP RB JJ,MV,1
1761,"VBP PRP ,",S,1
1638,VBN . _,RJ,1
1637,VBN . _,FV,1
1692,VBN RB PRP,RV,1
1636,VBN . VBP,FV,1
1694,VBN TO VB,IV,1
1635,"VBN , NNP",RJ,1
1797,VBP RB JJ,W,1
1634,"VBN , IN",S,1
1633,"VBN , IN",MV,1
1798,VBP RB NN,R,1
1643,VBN CC IN,RV,1
1645,VBN DT CC,W,1
1655,VBN IN JJS,DJ,1
1763,VBP PRP .,RV,1
1783,VBP PRP$ NNS,AGV,1
1784,VBP PRP$ NNS,TV,1
1785,VBP PRP$ NNS,W,1
1786,VBP RB .,MV,1
1764,VBP PRP .,S,1
1654,VBN DT VBN,U,1
1653,VBN DT NNS,IV,1
1652,VBN DT NN,SX,1
1646,VBN DT IN,IV,1
1787,VBP RB .,TV,1
1788,VBP RB .,X,1
1789,VBP RB CC,AGV,1
1649,VBN DT NN,IV,1
1790,VBP RB IN,FV,1
1691,VBN RB JJ,W,1
1792,VBP RB JJ,M,1
25,. DT NN,UC,1
1825,VBP VBN DT,MV,1
1826,VBP VBN DT,TV,1
1864,VBZ JJ .,MA,1
1861,VBZ IN WP,FV,1
1862,"VBZ JJ ,",FV,1
1490,VBD RB .,MP,1
1489,"VBD RB ,",RV,1
1488,VBD PRP$ NNS,W,1
1487,VBD PRP$ NNS,TV,1
1863,"VBZ JJ ,",MA,1
1708,VBP CC PRP,AGV,1
1859,VBZ IN PRP$,AGV,1
1866,VBZ JJ .,TV,1
1867,VBZ JJ DT,M,1
35,CC DT JJS,MP,1
1484,VBD PRP$ NN,RV,1
1483,VBD PRP$ NN,MA,1
1482,VBD PRP VBP,SX,1
1709,VBP CD CC,RV,1
1860,VBZ IN PRP$,AS,1
1707,VBP CC IN,DJ,1
1479,VBD PRP DT,S,1
1856,VBZ IN DT,RV,1
1508,VBD VBD IN,R,1
33,: IN NN,RT,1
1506,VBD TO VB,S,1
34,CC DT .,MP,1
1504,VBD TO VB,M,1
1503,VBD TO VB,IV,1
1502,VBD TO VB,FV,1
1501,VBD TO VB,AGV,1
1858,VBZ IN NNP,MA,1
1705,VBP . _,S,1
1499,VBD RB PRP$,FV,1
1498,VBD RB PRP$,AGV,1
1706,VBP . _,TV,1
1497,VBD RB IN,RV,1
1496,VBD RB IN,MV,1
1495,VBD RB IN,AS,1
1743,VBP JJ RB,R,1
1478,VBD PRP DT,RV,1
1570,VBG IN PRP$,FV,1
1453,VBD IN CC,TV,1
1459,"VBD JJ ,",RV,1
1874,VBZ NN JJ,AS,1
1875,VBZ NN JJ,MA,1
1876,VBZ NN RB,W,1
1456,VBD IN NNS,RV,1
1455,VBD IN NNS,MA,1
1454,VBD IN NNS,IV,1
1877,VBZ PRP DT,S,1
1461,"VBD JJ ,",TV,1
1451,VBD DT NNS,SX,1
1450,VBD DT NNS,RV,1
1878,VBZ PRP IN,TV,1
1449,VBD DT NNS,FV,1
1448,VBD DT NNS,AGV,1
1879,VBZ PRP NN,RV,1
15,", RB PRP",MA,1
1460,"VBD JJ ,",S,1
1873,VBZ NN IN,CN,1
1477,VBD PRP DT,IV,1
1471,"VBD PRP ,",ID,1
1476,VBD PRP DT,AS,1
1475,VBD PRP CC,TV,1
1474,VBD PRP CC,S,1
1473,VBD PRP CC,FV,1
1869,VBZ JJ IN,TV,1
1472,"VBD PRP ,",RV,1
6,", DT .",MT,1
1470,VBD POS NNS,S,1
1462,"VBD JJ ,",UV,1
1469,VBD NNP RB,TV,1
1871,VBZ JJ TO,R,1
1467,VBD NN IN,RV,1
1466,VBD JJ IN,TV,1
1872,VBZ JJ TO,TV,1
1464,VBD JJ IN,MA,1
1463,VBD JJ CD,S,1
1704,VBP . _,RV,1
7,", DT VBZ",RA,1
1854,VBZ IN DT,M,1
30,. RB PRP,RP,1
1834,VBP VBN VBZ,TV,1
1835,VBP VBP IN,S,1
1758,VBP POS IN,UP,1
28,. RB PRP,MA,1
1836,VBP VBP IN,UV,1
29,. RB PRP,MJ,1
1548,VBG DT NN,MA,1
1699,VBN VBN IN,UV,1
1554,VBG DT NN,UV,1
1545,VBG DT IN,RV,1
1544,VBG DT IN,MT,1
1838,"VBZ , CC",FV,1
1542,VBG CD NNS,S,1
1839,"VBZ , CC",TV,1
1541,VBG CD NNS,RV,1
1700,VBN VBZ IN,IV,1
1698,VBN VBG CC,RV,1
1832,VBP VBN PRP$,MA,1
1509,VBD VBG CD,TV,1
10,", NNS IN",MV,1
1569,VBG IN PDT,MP,1
1568,VBG IN NNP,UV,1
1567,VBG IN NNP,IV,1
1566,VBG IN NNP,FV,1
1565,VBG IN NN,S,1
1827,VBP VBN IN,FV,1
1828,VBP VBN IN,RV,1
1563,VBG IN NN,RT,1
1556,VBG DT NNS,ID,1
1562,VBG IN NN,R,1
1759,"VBP PRP ,",AGV,1
26,. PRP VBZ,MN,1
27,. PRP VBZ,MT,1
1559,VBG IN CC,FV,1
1558,VBG DT NNS,MT,1
1831,VBP VBN PRP$,FV,1
1840,"VBZ , IN",MA,1
1539,VBG CD NNS,IV,1
1701,"VBP , CC",AGV,1
1851,VBZ FW .,MP,1
1524,VBD VBN PRP$,RV,1
1523,VBD VBN NNS,TV,1
1757,VBP POS CD,UP,1
1521,VBD VBN NN,TV,1
1520,VBD VBN JJ,TV,1
1519,VBD VBN JJ,FV,1
1850,VBZ DT NNS,SX,1
1517,VBD VBN DT,FV,1
1538,VBG CC TO,R,1
1852,VBZ IN DT,AGN,1
1703,VBP . IN,TV,1
1514,VBD VBG IN,UV,1
32,. WP VBZ,M,1
1512,VBD VBG IN,S,1
1511,VBD VBG DT,S,1
1510,VBD VBG DT,RV,1
1848,VBZ DT NN,S,1
1702,"VBP , IN",TV,1
1846,VBZ DT NN,MA,1
1527,VBD VBN RB,UV,1
1841,VBZ . TO,AGV,1
1537,VBG CC TO,IV,1
1536,VBG CC IN,RV,1
1842,VBZ . UH,TV,1
1843,VBZ : DT,RV,1
1535,VBG . _,RV,1
1844,VBZ CC VB,SX,1
1534,VBG . _,DN,1
9,", IN DT",RP,1
1533,VBG . _,DJ,1
1532,VBG -RRB- .,DN,1
1531,"VBG , NN",SX,1
1530,"VBG , IN",SX,1
1529,"VBG , DT",RV,1
1528,VBD VBN VBZ,UV,1
1480,VBD PRP VBP,DY,1
71,CD IN NNS,S,1
1177,RB RB NNP,W,1
496,MD VB NNS,MY,1
122,DT NN RB,MA,1
123,DT NN RB,MT,1
522,"NN , IN",MT,1
520,"NN , IN",FV,1
517,"NN , DT",MN,1
125,DT NN RB,RP,1
515,"NN , DT",L,1
513,"NN , :",DN,1
511,NN '' IN,R,1
510,NN '' IN,FV,1
509,MD VB VBD,M,1
508,MD VB VB,RV,1
506,MD VB TO,UV,1
127,DT NN RB,W,1
504,MD VB RBR,TV,1
503,MD VB RBR,RV,1
502,MD VB RBR,MA,1
501,MD VB RB,W,1
128,DT NN WP,RP,1
499,MD VB RB,MN,1
498,MD VB PRP$,RV,1
528,"NN , MD",SX,1
529,"NN , PRP$",M,1
532,"NN , VBD",FV,1
118,DT NN JJ,MY,1
565,NN CC DT,DN,1
563,"NN CC ,",MQ,1
562,NN : _,RP,1
561,NN : DT,RP,1
560,NN : .,UN,1
559,NN : .,RN,1
116,DT NN DT,RD,1
555,NN . _,SA,1
117,DT NN DT,W,1
550,NN . _,MT,1
533,"NN , _",S,1
549,NN . _,MQ,1
548,NN . _,MP,1
119,DT NN JJ,RP,1
545,NN . _,MC,1
544,NN . _,FV,1
120,DT NN NNP,W,1
539,NN . IN,S,1
535,NN . IN,FV,1
534,NN -RRB- .,MQ,1
497,MD VB NNS,TV,1
495,MD VB NNP,RV,1
704,NN RB PRP,S,1
494,MD VB NNP,MA,1
464,JJR . JJ,RJ,1
462,JJ WRB PRP,DJ,1
461,JJ WDT PRP,IN,1
460,JJ VBN .,R,1
459,"JJ VBN ,",DY,1
457,JJ VBG DT,SX,1
456,"JJ VBG ,",S,1
455,"JJ VBG ,",L,1
454,JJ VBD IN,RJ,1
453,JJ UH .,RP,1
133,DT NNP .,UD,1
134,DT NNP CD,UD,1
450,JJ TO VB,MV,1
448,JJ TO VB,MA,1
447,JJ TO VB,IV,1
446,JJ RB JJ,AGN,1
445,JJ PRP$ NN,SX,1
444,JJ PRP$ NN,FJ,1
443,JJ PRP VBD,SX,1
442,JJ PRP VBD,S,1
441,JJ PRP VBD,DN,1
465,JJR . PRP,DY,1
466,JJR CC DT,IJ,1
467,JJR CC RB,RJ,1
132,DT NNP .,MT,1
493,MD VB NN,UV,1
492,MD VB JJS,RV,1
491,MD VB JJR,TV,1
490,MD VB JJR,RP,1
129,"DT NNP ,",FD,1
130,"DT NNP ,",R,1
487,MD VB IN,RP,1
485,MD VB DT,UV,1
482,MD VB DT,RP,1
480,MD VB DT,M,1
468,JJR IN DT,FJ,1
479,MD VB DT,FV,1
478,MD VB .,TV,1
477,"MD VB ,",UV,1
476,JJS VBG IN,UY,1
475,JJS TO VB,R,1
474,JJS PRP VBD,SX,1
473,"JJS , NNS",FJ,1
471,JJR NN .,W,1
469,JJR IN PRP,FJ,1
566,NN CC DT,FN,1
567,NN CC DT,MD,1
568,NN CC DT,RN,1
571,NN CC IN,RN,1
671,NN NN IN,W,1
669,NN NN IN,SX,1
668,NN NN IN,SA,1
93,DT IN DT,RP,1
664,NN NN IN,MT,1
94,DT JJ .,MT,1
661,NN NN IN,DJ,1
660,NN NN CD,W,1
95,DT JJ .,R,1
657,NN MD VB,RA,1
656,NN MD VB,MD,1
96,DT JJ CD,UD,1
654,NN JJR .,AGN,1
653,NN JJ IN,AGN,1
651,NN JJ CC,MT,1
650,NN JJ .,AGN,1
649,NN IN ``,AGN,1
648,NN IN WRB,RN,1
647,NN IN WP,RN,1
645,NN IN TO,S,1
644,NN IN RB,DJ,1
672,NN NN JJ,RN,1
673,NN NN PRP,RJ,1
675,NN NN PRP,SX,1
690,NN NNS JJ,W,1
702,NN RB PRP,RN,1
701,NN RB PRP,AGN,1
699,NN RB JJ,S,1
698,NN RB JJ,RN,1
697,NN RB DT,MD,1
696,NN PRP$ NN,RP,1
695,NN PRP$ NN,FV,1
694,NN PRP VBZ,SX,1
692,NN PRP VBZ,MD,1
689,NN NNS IN,S,1
676,NN NN PRP,UN,1
688,NN NNS IN,RN,1
687,NN NNS IN,MJ,1
686,NN NNS IN,FV,1
684,NN NNS DT,DJ,1
683,NN NNP IN,MD,1
682,"NN NNP ,",W,1
681,NN NN RB,SX,1
678,NN NN RB,FV,1
677,NN NN RB,DJ,1
643,NN IN PDT,S,1
642,NN IN PDT,RN,1
97,DT JJ IN,SX,1
589,NN IN DT,MN,1
601,NN IN IN,MD,1
600,NN IN IN,M,1
599,NN IN IN,DJ,1
598,NN IN FW,S,1
106,DT NN '',UD,1
107,DT NN :,UD,1
593,NN IN DT,RP,1
110,DT NN CC,MY,1
590,NN IN DT,MQ,1
587,NN IN DT,L,1
604,NN IN NN,DJ,1
586,NN IN DT,ID,1
580,NN IN .,S,1
579,NN FW .,S,1
578,NN DT HYPH,RN,1
577,NN DT .,UN,1
576,NN DT .,RN,1
574,NN CC PRP$,S,1
573,NN CC IN,S,1
572,NN CC IN,RP,1
602,NN IN IN,RP,1
605,NN IN NN,DY,1
640,NN IN NNS,RP,1
624,NN IN NNP,MD,1
98,DT JJ NNS,AGD,1
638,NN IN NNS,RJ,1
637,NN IN NNS,MQ,1
635,NN IN NNS,FV,1
99,DT JJ NNS,MC,1
630,NN IN NNP,UN,1
101,DT JJ NNS,RQ,1
103,DT MD VB,MP,1
625,NN IN NNP,MQ,1
622,NN IN NNP,DN,1
606,NN IN NN,FN,1
621,NN IN NNP,AGN,1
619,NN IN NN,U,1
618,NN IN NN,TV,1
616,NN IN NN,SA,1
104,DT MD VB,SX,1
105,DT MD VB,W,1
611,NN IN NN,MT,1
610,NN IN NN,MP,1
608,NN IN NN,IQ,1
439,JJ NNS IN,W,1
438,JJ NNS IN,S,1
436,JJ NNP .,RP,1
146,DT RB PRP,R,1
154,DT VBP NN,RA,1
279,"IN PRP ,",RA,1
277,"IN PRP ,",MP,1
276,"IN PRP ,",MN,1
275,IN NNS NNP,R,1
274,IN NNS DT,UT,1
273,IN NNP VBP,RT,1
272,IN NNP RB,W,1
271,IN NNP RB,RT,1
270,IN NNP PRP,W,1
268,IN NNP IN,UT,1
155,DT VBP PDT,AGA,1
266,IN NNP IN,R,1
264,"IN NNP ,",UT,1
262,IN NN _,RT,1
261,IN NN WP,RT,1
259,IN NN PRP,UT,1
258,IN NN PRP,U,1
254,IN NN PDT,W,1
253,IN NN JJ,UT,1
252,IN NN JJ,RT,1
281,"IN PRP ,",UT,1
282,IN PRP .,MA,1
153,DT VBP CC,MV,1
296,IN PRP VBZ,RT,1
307,IN PRP$ NN,UC,1
306,IN PRP$ NN,U,1
148,DT VBD IN,RA,1
304,IN PRP$ NN,R,1
303,IN PRP$ NN,MV,1
302,IN PRP$ NN,MT,1
149,DT VBD IN,UQ,1
150,DT VBD NN,RA,1
297,IN PRP VBZ,SX,1
295,IN PRP VBZ,RA,1
285,IN PRP .,UT,1
151,DT VBD PRP$,R,1
293,IN PRP PRP$,W,1
292,IN PRP DT,W,1
291,IN PRP DT,U,1
290,IN PRP DT,MV,1
289,IN PRP CC,UT,1
288,IN PRP CC,TV,1
152,DT VBG NNP,R,1
286,IN PRP CC,MY,1
156,DT VBP VBN,W,1
157,DT VBZ DT,MP,1
245,IN NN IN,DT,1
193,IN DT NN,MC,1
205,IN DT NN,UC,1
163,DT WRB .,RP,1
203,IN DT NN,SX,1
164,EX VBD NN,MP,1
165,EX VBZ PRP,UA,1
198,IN DT NN,RC,1
166,HYPH RB VBZ,MA,1
167,"IN , IN",MP,1
168,"IN , RB",UT,1
170,IN . IN,UT,1
210,IN DT NNS,MP,1
190,IN DT IN,W,1
189,IN DT IN,UT,1
186,IN DT CD,RT,1
185,IN DT CD,ID,1
181,"IN DT ,",DY,1
180,IN CD PRP,RT,1
175,IN CC PRP,UT,1
174,IN . VBP,UT,1
173,IN . RB,RY,1
208,IN DT NNS,AS,1
212,IN DT NNS,RP,1
244,IN NN FW,UT,1
226,IN DT VBZ,UT,1
243,IN JJ RB,W,1
240,IN JJ NN,RC,1
237,IN JJ DT,DY,1
236,IN IN IN,SX,1
231,IN IN DT,MV,1
230,IN IN DT,MP,1
229,IN EX VBD,MY,1
228,IN DT ``,RT,1
227,IN DT WP,UT,1
224,IN DT RBS,RT,1
161,DT VBZ VBG,RA,1
223,IN DT RBS,R,1
222,IN DT PRP$,ID,1
221,IN DT PRP,U,1
220,IN DT PRP,RT,1
218,IN DT NNS,W,1
217,IN DT NNS,UY,1
159,DT VBZ IN,MP,1
160,DT VBZ IN,RA,1
214,IN DT NNS,SX,1
147,"DT RBR ,",RP,1
310,IN PRP$ NNP,RT,1
435,JJ NNP .,IV,1
312,IN PRP$ NNS,R,1
396,JJ IN IN,RJ,1
395,JJ IN IN,DJ,1
394,JJ IN EX,RJ,1
392,JJ IN DT,SX,1
390,JJ IN DT,RY,1
388,JJ IN DT,M,1
386,JJ IN CD,S,1
385,JJ IN CD,M,1
384,JJ IN .,RJ,1
383,JJ DT VBZ,R,1
382,JJ CC WRB,DY,1
381,JJ CC RB,ID,1
380,JJ CC DT,RJ,1
379,"JJ CC ,",DY,1
378,JJ . _,SX,1
377,JJ . _,SA,1
375,JJ . _,RP,1
142,DT PRP VBD,W,1
372,JJ . _,MV,1
371,JJ . _,MT,1
370,JJ . _,M,1
397,JJ IN NN,DY,1
398,JJ IN NN,MP,1
402,JJ IN WP,S,1
418,"JJ NN ,",R,1
135,DT NNP IN,MT,1
431,JJ NN IN,RP,1
136,DT NNP PRP,RD,1
429,JJ NN IN,R,1
137,DT NNS JJR,RP,1
426,JJ NN IN,M,1
425,JJ NN IN,FJ,1
424,JJ NN IN,DJ,1
420,"JJ NN ,",RP,1
417,"JJ NN ,",MY,1
403,JJ IN WRB,DJ,1
416,"JJ NN ,",MV,1
415,"JJ NN ,",MT,1
138,DT NNS RB,RQ,1
410,"JJ NN ,",DN,1
409,"JJ NN ,",CQ,1
407,JJ JJ RB,DY,1
406,JJ JJ IN,S,1
405,JJ JJ IN,DY,1
404,JJ JJ .,DY,1
369,JJ . _,DY,1
368,JJ . _,DN,1
367,JJ . _,DJ,1
143,DT PRP$ NN,UC,1
336,IN WP NN,RT,1
335,IN WDT VBZ,RT,1
333,IN WDT NN,SX,1
331,IN WDT NN,MC,1
330,IN VBZ IN,RT,1
329,IN VBG RB,RT,1
328,IN VBG RB,R,1
327,IN VBG IN,W,1
326,IN VBG IN,UT,1
324,IN VBG IN,MY,1
338,"JJ '' ,",S,1
323,IN VBD IN,R,1
322,IN VB DT,R,1
144,DT PRP$ NN,UQ,1
320,IN RB PRP,UT,1
319,IN RB PRP,U,1
318,IN RB PRP,R,1
317,IN RB MD,RA,1
315,IN RB IN,SX,1
145,DT RB NN,R,1
337,IN WRB .,R,1
341,"JJ , FW",RJ,1
366,JJ . RB,SX,1
354,JJ . DT,DY,1
364,JJ . RB,RJ,1
363,JJ . RB,DJ,1
362,JJ . PRP$,DN,1
361,JJ . NNS,S,1
360,JJ . NNS,RJ,1
359,JJ . NNP,DY,1
357,JJ . IN,RJ,1
356,JJ . DT,S,1
355,JJ . DT,RJ,1
353,JJ . CD,S,1
342,"JJ , IN",DY,1
351,JJ . CC,RJ,1
350,JJ . .,S,1
349,"JJ , VBG",FA,1
348,"JJ , VBG",DJ,1
347,"JJ , RB",RJ,1
346,"JJ , NNS",RJ,1
345,"JJ , IN",S,1
344,"JJ , IN",RJ,1
343,"JJ , IN",FJ,1
703,NN RB PRP,RP,1
705,NN TO VB,DN,1
1175,RB RB JJ,UY,1
999,PRP VBP IN,U,1
1027,PRP VBZ VBN,TV,1
1025,PRP VBZ VBN,MP,1
1024,PRP VBZ VBG,MT,1
1023,PRP VBZ VBD,UV,1
1022,PRP VBZ VBD,U,1
1020,PRP VBZ PRP$,MP,1
1019,PRP VBZ PRP,R,1
1018,PRP VBZ NNS,RP,1
1017,PRP VBZ NN,UP,1
1016,PRP VBZ NN,S,1
1015,PRP VBZ NN,RA,1
1012,PRP VBZ IN,AGA,1
1009,PRP VBZ DT,R,1
1008,PRP VBZ DT,MP,1
1007,PRP VBZ CD,UA,1
1006,PRP VBZ CD,R,1
1005,PRP VBZ CD,AG,1
1004,PRP VBZ .,RA,1
1003,PRP VBP VBP,MP,1
1002,PRP VBP VBN,R,1
1001,PRP VBP VBN,MA,1
1029,PRP WDT NN,UA,1
1030,PRP WRB .,MT,1
1031,PRP$ CD IN,MP,1
1045,PRP$ NN .,RD,1
72,CD NN .,MN,1
1054,PRP$ NN IN,AGD,1
1053,PRP$ NN CC,UD,1
1052,PRP$ NN CC,R,1
1050,PRP$ NN CC,MP,1
1049,PRP$ NN CC,M,1
1048,PRP$ NN CC,AGD,1
1047,PRP$ NN .,UA,1
1046,PRP$ NN .,U,1
1044,PRP$ NN .,R,1
1033,PRP$ JJ IN,MP,1
73,CD NN IN,MP,1
1042,"PRP$ NN ,",MT,1
1041,"PRP$ NN ,",MP,1
1040,"PRP$ NN ,",DD,1
1039,"PRP$ NN ,",AGD,1
1038,PRP$ JJ NN,R,1
1037,PRP$ JJ NN,MV,1
1035,PRP$ JJ NN,MP,1
1034,PRP$ JJ NN,DD,1
1000,PRP VBP NNS,MP,1
998,PRP VBP IN,R,1
706,NN TO VB,FN,1
997,PRP VBP IN,MV,1
77,CD NN RB,MT,1
966,PRP TO VB,AGA,1
965,PRP RB VBZ,UA,1
964,PRP RB PRP,IV,1
962,"PRP RB ,",RP,1
961,"PRP RB ,",MT,1
960,PRP PRP$ NN,UA,1
959,PRP PRP$ NN,MT,1
958,PRP NN IN,DD,1
78,CD NNP .,MT,1
79,CD NNS CC,MT,1
955,PRP MD VB,U,1
80,CD NNS IN,MP,1
81,CD NNS IN,MT,1
952,PRP MD VB,R,1
951,PRP MD VB,MY,1
82,CD NNS IN,R,1
949,PRP MD VB,MN,1
947,PRP MD VB,M,1
946,PRP MD VB,AGA,1
945,PRP JJ CC,DD,1
968,PRP TO VB,R,1
970,PRP TO VB,W,1
971,"PRP UH ,",R,1
75,CD NN JJ,MP,1
74,CD NN IN,RD,1
995,PRP VBP IN,MC,1
994,PRP VBP CC,MN,1
993,PRP VBP .,MP,1
991,PRP VBP .,DD,1
990,PRP VBG NNS,UA,1
989,PRP VBG IN,MT,1
988,PRP VBD NNS,MP,1
987,PRP VBD IN,UA,1
984,PRP VBD IN,M,1
972,"PRP VB ,",RA,1
983,PRP VBD DT,UA,1
982,PRP VBD DT,RP,1
76,CD NN JJ,RP,1
979,PRP VBD .,UA,1
1,", . DT",M,1
977,PRP VB VBP,TV,1
975,PRP VB .,UA,1
974,PRP VB .,RA,1
973,PRP VB .,DD,1
1057,PRP$ NN IN,RD,1
1058,PRP$ NN JJ,MP,1
1059,PRP$ NN JJ,S,1
1060,PRP$ NN JJR,DI,1
1145,RB MD VB,DY,1
1144,RB JJ RB,RY,1
1143,RB JJ PRP$,W,1
1142,RB JJ PRP,UY,1
1141,RB JJ PRP,MY,1
62,CC TO VB,R,1
1138,RB JJ IN,DY,1
1137,RB JJ CC,RY,1
63,CC VB DT,MN,1
1134,RB JJ .,MP,1
1133,RB JJ .,L,1
64,CC WP NNS,MT,1
1131,RB JJ -RRB-,UY,1
65,CD . IN,M,1
1127,RB IN WP,S,1
1126,RB IN WP,RP,1
1125,RB IN NNP,U,1
1123,RB IN NNP,MV,1
1122,RB IN IN,UY,1
1121,RB IN IN,RY,1
1119,RB IN DT,UY,1
1146,RB MD VB,RY,1
1147,RB MD VB,S,1
1148,RB MD VB,UY,1
1163,RB PRP VBD,RC,1
1173,RB RB DT,W,1
60,CC RB PRP,MT,1
1171,RB RB DT,DY,1
1170,RB PRP$ NNS,RC,1
1169,RB PRP$ NN,S,1
1168,RB PRP$ NN,RY,1
1167,RB PRP$ NN,R,1
1166,RB PRP VBZ,RP,1
1164,RB PRP VBD,RP,1
1161,RB NNS JJ,X,1
61,CC TO VB,MP,1
1159,RB NNS IN,RJ,1
1158,RB NNS IN,RD,1
1157,RB NNP RB,R,1
1156,RB NN _,DJ,1
1155,RB NN IN,RD,1
1153,RB NN CC,MP,1
1152,RB NN .,UY,1
1151,RB NN .,RP,1
1150,RB NN .,DJ,1
1118,RB IN DT,SX,1
1115,RB IN DT,RT,1
1114,RB IN DT,RP,1
70,CD IN NNS,AGN,1
1082,"RB , IN",FJ,1
1081,"RB , DT",UY,1
1080,"RB , DT",RY,1
1079,"RB , DT",R,1
1077,"RB , .",S,1
1076,PRP$ VBN IN,DA,1
1075,PRP$ VBD WRB,DA,1
1074,PRP$ VB .,DA,1
1073,PRP$ RB JJ,MP,1
1070,PRP$ NNS RB,MT,1
1085,"RB , RB",FY,1
1069,PRP$ NNS IN,MT,1
1068,PRP$ NN WRB,MT,1
1067,PRP$ NN VBP,W,1
1066,PRP$ NN VBG,MT,1
1065,PRP$ NN RB,MV,1
1064,PRP$ NN RB,MT,1
172,IN . RB,RT,1
1062,PRP$ NN PRP,MT,1
1061,PRP$ NN NNP,AGD,1
1084,"RB , IN",RY,1
1086,"RB , VBZ",RP,1
1112,RB IN DT,MP,1
1101,RB CC IN,MP,1
1111,RB IN DT,MA,1
1110,RB IN DT,ID,1
1109,RB IN DT,DJ,1
1108,RB IN $,W,1
1106,RB DT NNS,R,1
1105,RB DT NN,S,1
1104,RB DT NN,R,1
1103,RB DT NN,DY,1
1102,RB CC NN,UY,1
1100,RB CC IN,CL,1
1087,RB . _,DJ,1
1099,"RB CC ,",RY,1
1098,RB : .,DY,1
66,CD CC CD,MN,1
1096,RB . _,UT,1
67,CD CC NNS,FN,1
1093,RB . _,RJ,1
1092,RB . _,R,1
1091,RB . _,MP,1
68,CD DT CD,ID,1
944,"PRP JJ ,",UA,1
943,PRP IN NNP,AGA,1
942,PRP DT NNS,UA,1
829,"NNS , RB",FN,1
795,"NNP NNPS ,",RP,1
793,NNP NNP IN,S,1
792,NNP NNP CC,S,1
791,NNP NNP CC,MT,1
790,NNP NNP .,RP,1
788,NNP NN IN,W,1
787,NNP NN IN,RP,1
786,NNP NN DT,S,1
785,NNP NN DT,RP,1
784,NNP MD VB,S,1
783,NNP JJS CC,MP,1
782,NNP IN NN,S,1
778,NNP IN DT,MT,1
777,"NNP IN ,",MT,1
776,NNP DT NNS,S,1
775,NNP CC VBZ,S,1
774,NNP CC DT,S,1
773,NNP CC DT,RP,1
772,NNP . RB,RP,1
771,NNP . IN,MD,1
770,NNP . CC,S,1
796,NNP NNS IN,DN,1
797,"NNP POS ,",UP,1
800,NNP PRP$ NN,S,1
816,NNP VBZ PRP$,W,1
825,"NNS , IN",MD,1
85,CD NNS NN,FJ,1
823,"NNS , DT",S,1
822,"NNS , DT",IN,1
821,"NNS , DT",AGN,1
820,"NNS , .",S,1
819,"NNPS , RB",RP,1
818,"NNPS , :",AGN,1
817,NNP VBZ TO,RP,1
815,NNP VBZ PRP$,S,1
801,NNP RB IN,S,1
814,NNP VBZ PRP$,RP,1
813,NNP VBZ NNS,W,1
808,NNP VBG IN,MT,1
807,NNP VBG DT,S,1
806,NNP VBD IN,S,1
805,NNP VBD DT,S,1
804,NNP VBD DT,MP,1
803,NNP RB PRP,MD,1
802,NNP RB JJ,UP,1
769,NNP . CC,RP,1
767,"NNP , VBP",S,1
766,"NNP , UH",RP,1
720,NN VBD IN,RN,1
731,NN VBG IN,S,1
730,NN VBG IN,M,1
729,NN VBD TO,S,1
728,NN VBD TO,RN,1
727,NN VBD TO,AGN,1
726,NN VBD NN,MD,1
723,NN VBD JJ,DN,1
722,NN VBD JJ,AGN,1
88,DT . _,UA,1
719,NN VBD IN,R,1
733,NN VBP CC,AGN,1
718,NN VBD IN,MD,1
717,NN VBD DT,RN,1
716,NN VBD DT,MD,1
715,NN VB IN,SX,1
714,NN TO VB,TV,1
712,NN TO VB,RV,1
90,DT CD NNS,UD,1
710,NN TO VB,R,1
707,NN TO VB,FV,1
732,NN VBG IN,UP,1
734,NN VBP DT,RN,1
765,"NNP , RB",RP,1
754,NN WRB RB,R,1
764,"NNP , RB",MT,1
763,"NNP , NN",SX,1
762,"NNP , IN",UN,1
760,"NNP , IN",MD,1
759,"NNP , DT",S,1
758,"NNP , DT",RP,1
757,"NNP , .",RP,1
756,NNP '' IN,UN,1
755,NN WRB RB,S,1
753,NN WDT VBP,AGN,1
735,"NN VBZ ,",W,1
752,NN WDT PRP,UN,1
750,NN WDT PRP,RN,1
748,NN WDT DT,S,1
745,NN VBZ NN,AGV,1
744,NN VBZ JJ,SA,1
86,CD NNS PRP,MD,1
740,NN VBZ IN,DN,1
739,NN VBZ DT,SX,1
737,NN VBZ DT,RN,1
827,"NNS , NNP",S,1
830,"NNS , RB",IN,1
940,PRP CD CC,UA,1
831,"NNS , RB",RN,1
911,NNS VBP IN,MP,1
910,NNS VBP DT,R,1
909,NNS VBP DT,MD,1
908,NNS VBG NNS,RN,1
907,NNS VBD TO,RP,1
906,NNS VBD TO,RN,1
905,NNS VBD JJ,RN,1
904,NNS VBD JJ,MD,1
903,NNS VBD IN,S,1
902,NNS VBD IN,RN,1
901,NNS TO VB,S,1
900,NNS TO VB,RN,1
899,NNS TO VB,MQ,1
898,NNS TO VB,IA,1
897,NNS TO VB,FN,1
896,NNS RB _,S,1
895,NNS RB VBP,MP,1
894,NNS RB JJ,W,1
893,NNS RB JJ,IQ,1
892,NNS PRP VBZ,FN,1
891,NNS PRP VBP,S,1
912,NNS VBP IN,RN,1
913,NNS VBP IN,S,1
914,NNS VBP TO,MV,1
928,PDT DT NN,MT,1
939,PRP CC TO,UA,1
938,PRP . _,UA,1
936,PRP . _,R,1
83,CD NNS IN,W,1
934,"PRP , .",R,1
933,PDT DT VBZ,U,1
932,PDT DT NN,X,1
930,PDT DT NN,UQ,1
929,PDT DT NN,UD,1
927,PDT DT NN,MN,1
915,NNS VBZ DT,RN,1
926,PDT DT NN,MA,1
925,PDT DT NN,ID,1
924,NNS WDT PRP,S,1
922,NNS WDT PRP,MD,1
921,NNS WDT PRP,M,1
920,NNS WDT PRP,IN,1
918,NNS VBZ PRP$,RN,1
917,NNS VBZ JJ,S,1
916,NNS VBZ IN,FN,1
890,NNS PRP VBP,RN,1
889,NNS PRP VBP,IJ,1
888,NNS PRP VBP,DN,1
844,NNS CC DT,W,1
854,NNS IN NN,MD,1
852,NNS IN IN,AGN,1
851,NNS FW .,RN,1
850,NNS CD CC,W,1
849,NNS CC TO,RN,1
848,NNS CC IN,SA,1
847,NNS CC IN,S,1
846,NNS CC IN,FN,1
845,NNS CC IN,CN,1
842,NNS CC DT,M,1
859,NNS IN NNP,R,1
841,NNS CC DT,FN,1
840,NNS CC DT,CN,1
838,NNS . IN,S,1
837,NNS . IN,RN,1
836,NNS . IN,FN,1
835,NNS . IN,AGN,1
834,"NNS , VBP",MC,1
833,"NNS , VBD",FN,1
832,"NNS , RB",S,1
855,NNS IN NN,MQ,1
861,NNS IN NNS,AGN,1
887,NNS PRP VBP,CN,1
874,NNS NN IN,MP,1
885,NNS NNS RB,IJ,1
884,NNS NNS PDT,CN,1
883,NNS NNS IN,IQ,1
84,CD NNS JJ,IJ,1
879,NNS NNS .,IJ,1
878,NNS NNS .,AGN,1
877,NNS NNP CC,W,1
876,"NNS NNP ,",FN,1
875,NNS NN IN,R,1
873,NNS NN IN,FN,1
862,NNS IN NNS,IN,1
872,NNS JJ JJ,S,1
871,NNS JJ CC,S,1
869,NNS IN WRB,FV,1
868,NNS IN WP,MQ,1
867,NNS IN VBD,RN,1
866,NNS IN RB,MD,1
865,NNS IN NNS,UQ,1
864,NNS IN NNS,S,1
863,NNS IN NNS,M,1
978,PRP VBD .,MA,1
