,incorrect_trigram_poss,error_type,count
362,ADP DET NOUN,RT,261
333,ADP DET ADJ,RT,60
1105,PRON VERB VERB,MP,41
368,ADP DET NOUN,UT,39
669,DET ADJ NOUN,UD,36
824,DET NOUN PUNCT,UD,33
515,ADP PROPN ADP,RT,33
1043,PRON VERB ADV,MP,32
461,ADP PART VERB,UT,28
488,ADP PRON PUNCT,RT,27
1109,PRON VERB VERB,RA,23
497,ADP PRON VERB,MP,23
814,DET NOUN PUNCT,MT,23
351,ADP DET NOUN,ID,22
742,DET NOUN ADP,R,20
435,ADP NOUN PUNCT,RT,18
381,ADP DET PROPN,RT,18
842,DET NOUN VERB,UD,17
164,ADJ NOUN PUNCT,S,17
1032,PRON VERB ADP,MP,17
494,ADP PRON VERB,MA,17
739,DET NOUN ADP,MT,16
359,ADP DET NOUN,R,16
355,ADP DET NOUN,MP,16
151,ADJ NOUN PUNCT,MD,16
25,ADJ ADP DET,S,15
192,ADJ PART VERB,S,15
770,DET NOUN CCONJ,UD,15
704,DET ADV _,DA,15
749,DET NOUN ADP,UD,14
277,ADP ADJ NOUN,RT,14
661,DET ADJ NOUN,MT,14
161,ADJ NOUN PUNCT,RJ,14
819,DET NOUN PUNCT,RD,14
96,ADJ NOUN ADP,RJ,13
366,ADP DET NOUN,U,12
1059,PRON VERB DET,RA,12
400,ADP NOUN ADP,RT,12
933,PRON ADP PRON,MT,12
503,ADP PRON VERB,RC,12
664,DET ADJ NOUN,R,12
746,DET NOUN ADP,RQ,12
657,DET ADJ NOUN,FD,12
1112,PRON VERB VERB,UA,12
896,DET VERB DET,MP,11
98,ADJ NOUN ADP,S,11
817,DET NOUN PUNCT,R,10
501,ADP PRON VERB,R,10
326,ADP DET ADJ,ID,10
528,ADP PROPN PROPN,RT,10
1110,PRON VERB VERB,TV,10
837,DET NOUN VERB,RP,10
248,ADJ PUNCT _,S,9
1056,PRON VERB DET,MP,9
702,DET ADV PUNCT,DA,9
1024,PRON VERB ADJ,MP,9
1086,PRON VERB PRON,MP,9
898,DET VERB DET,RA,9
1036,PRON VERB ADP,RA,9
398,ADP NOUN ADP,R,9
405,ADP NOUN CCONJ,MP,9
407,ADP NOUN CCONJ,RT,9
23,ADJ ADP DET,RJ,9
1041,PRON VERB ADV,MC,8
41,ADJ ADP PRON,S,8
370,ADP DET NOUN,W,8
832,DET NOUN VERB,MP,8
59,ADJ CCONJ ADJ,S,8
751,DET NOUN ADV,MA,8
246,ADJ PUNCT _,RJ,8
835,DET NOUN VERB,R,8
808,DET NOUN PUNCT,AGD,8
214,ADJ PUNCT CCONJ,S,7
1052,PRON VERB ADV,UA,7
889,DET VERB ADV,MP,7
561,ADP VERB DET,RT,7
353,ADP DET NOUN,MA,7
232,ADJ PUNCT PRON,S,7
915,DET VERB VERB,RA,7
925,PRON ADP DET,MT,7
963,PRON AUX VERB,TV,7
631,CCONJ PRON VERB,MP,7
1116,_ _ _,MP,7
505,ADP PRON VERB,RT,7
667,DET ADJ NOUN,RP,7
1078,PRON VERB PART,MP,7
1114,PRON VERB VERB,W,6
1047,PRON VERB ADV,RA,6
468,ADP PRON CCONJ,RT,6
493,ADP PRON VERB,M,6
191,ADJ PART VERB,RJ,6
890,DET VERB ADV,RA,6
676,DET ADJ PUNCT,MT,6
174,ADJ NOUN VERB,S,6
429,ADP NOUN PUNCT,MP,6
781,DET NOUN NOUN,MT,6
357,ADP DET NOUN,MV,6
904,DET VERB NOUN,RA,6
155,ADJ NOUN PUNCT,MQ,6
511,ADP PRON VERB,UC,6
758,DET NOUN ADV,UD,6
332,ADP DET ADJ,R,6
984,PRON NOUN PUNCT,DD,5
743,DET NOUN ADP,RD,5
764,DET NOUN CCONJ,MT,5
179,ADJ NOUN VERB,UN,5
884,DET VERB ADP,RA,5
803,DET NOUN PRON,UD,5
975,PRON DET NOUN,MT,5
665,DET ADJ NOUN,RD,5
948,PRON ADV PUNCT,MT,5
384,ADP DET PUNCT,RT,5
767,DET NOUN CCONJ,R,5
30,ADJ ADP NOUN,S,5
140,ADJ NOUN PRON,S,5
577,AUX ADV VERB,RV,5
230,ADJ PUNCT PRON,RJ,5
408,ADP NOUN CCONJ,UT,5
330,ADP DET ADJ,MP,5
1027,PRON VERB ADJ,RA,5
92,ADJ NOUN ADP,MD,5
433,ADP NOUN PUNCT,R,5
826,DET NOUN VERB,AGD,5
990,PRON PART VERB,MT,5
40,ADJ ADP PRON,RJ,5
635,CCONJ PRON VERB,RC,5
914,DET VERB VERB,MP,5
799,DET NOUN PRON,R,5
554,ADP VERB ADP,RT,5
637,CCONJ PRON VERB,UC,4
404,ADP NOUN ADV,RT,4
1098,PRON VERB PUNCT,RA,4
752,DET NOUN ADV,MT,4
520,ADP PROPN CCONJ,RT,4
731,DET NOUN ADP,AGD,4
1018,PRON PUNCT _,MT,4
167,ADJ NOUN PUNCT,UJ,4
755,DET NOUN ADV,R,4
395,ADP NOUN ADP,ID,4
809,DET NOUN PUNCT,AGQ,4
821,DET NOUN PUNCT,RQ,4
219,ADJ PUNCT DET,S,4
206,ADJ PUNCT ADP,S,4
1103,PRON VERB VERB,MC,4
363,ADP DET NOUN,RY,4
1061,PRON VERB DET,UA,4
335,ADP DET ADJ,U,4
785,DET NOUN NOUN,RP,4
788,DET NOUN NOUN,UD,4
1063,PRON VERB NOUN,MP,4
867,DET PROPN PROPN,UD,4
348,ADP DET DET,RT,4
714,DET DET NOUN,MT,4
1048,PRON VERB ADV,RP,4
1092,PRON VERB PRON,UA,4
48,ADJ ADP VERB,S,4
696,DET ADV ADJ,UD,4
1111,PRON VERB VERB,U,4
768,DET NOUN CCONJ,RD,4
928,PRON ADP NOUN,MT,4
119,ADJ NOUN CCONJ,S,4
997,PRON PRON VERB,R,4
439,ADP NOUN PUNCT,UT,4
937,PRON ADP PRON,UA,4
289,ADP ADP DET,RY,4
660,DET ADJ NOUN,MP,4
581,CCONJ ADJ NOUN,M,4
17,ADJ ADP DET,DJ,4
33,ADJ ADP PRON,DJ,4
512,ADP PRON VERB,UT,4
578,AUX ADV VERB,TV,4
871,DET PROPN PUNCT,UD,3
1077,PRON VERB PART,MN,3
978,PRON DET NOUN,UA,3
865,DET PROPN PROPN,RP,3
609,CCONJ DET NOUN,RC,3
421,ADP NOUN PRON,MP,3
213,ADJ PUNCT CCONJ,RJ,3
218,ADJ PUNCT DET,RJ,3
423,ADP NOUN PRON,RT,3
209,ADJ PUNCT ADV,S,3
406,ADP NOUN CCONJ,R,3
875,DET PUNCT PRON,RA,3
563,ADP VERB NOUN,UT,3
343,ADP DET ADV,RT,3
1089,PRON VERB PRON,RA,3
777,DET NOUN DET,W,3
775,DET NOUN DET,RP,3
361,ADP DET NOUN,RP,3
365,ADP DET NOUN,SX,3
772,DET NOUN DET,MT,3
793,DET NOUN PART,UD,3
287,ADP ADP DET,R,3
1095,PRON VERB PUNCT,MA,3
377,ADP DET PRON,RT,3
275,ADP ADJ NOUN,R,3
949,PRON ADV PUNCT,RA,3
796,DET NOUN PRON,FD,3
953,PRON ADV VERB,MP,3
955,PRON ADV VERB,UA,3
594,CCONJ ADV ADJ,RP,3
961,PRON AUX VERB,MP,3
397,ADP NOUN ADP,MP,3
798,DET NOUN PRON,MT,3
402,ADP NOUN ADP,UT,3
1079,PRON VERB PART,MV,3
386,ADP DET VERB,MP,3
336,ADP DET ADJ,UT,3
430,ADP NOUN PUNCT,MQ,3
629,CCONJ PRON VERB,MA,3
452,ADP NUM NOUN,RT,3
173,ADJ NOUN VERB,MP,3
454,ADP NUM NOUN,UT,3
133,ADJ NOUN PRON,CQ,3
166,ADJ NOUN PUNCT,SX,3
524,ADP PROPN PART,RT,3
113,ADJ NOUN CCONJ,MD,3
163,ADJ NOUN PUNCT,RP,3
159,ADJ NOUN PUNCT,R,3
114,ADJ NOUN CCONJ,MT,3
116,ADJ NOUN CCONJ,RJ,3
462,ADP PRON ADP,RT,3
154,ADJ NOUN PUNCT,MP,3
118,ADJ NOUN CCONJ,RP,3
120,ADJ NOUN CCONJ,SA,3
72,ADJ CCONJ PRON,RJ,3
843,DET NOUN VERB,W,3
144,ADJ NOUN PUNCT,AGQ,3
139,ADJ NOUN PRON,RJ,3
815,DET NOUN PUNCT,MV,3
130,ADJ NOUN NOUN,W,3
836,DET NOUN VERB,RD,3
662,DET ADJ NOUN,MV,3
1012,PRON PUNCT PRON,MT,3
719,DET DET NOUN,UD,3
94,ADJ NOUN ADP,MV,3
854,DET PRON VERB,SX,3
90,ADJ NOUN ADP,FJ,3
531,ADP PROPN PUNCT,RT,3
195,ADJ PRON VERB,S,3
441,ADP NOUN VERB,MP,3
81,ADJ DET NOUN,W,3
861,DET PROPN PART,UD,3
1057,PRON VERB DET,MV,3
64,ADJ CCONJ ADV,RJ,3
668,DET ADJ NOUN,RQ,3
99,ADJ NOUN ADP,SX,3
619,CCONJ NOUN PUNCT,RC,3
820,DET NOUN PUNCT,RP,3
532,ADP PROPN PUNCT,UT,3
338,ADP DET ADP,RT,2
367,ADP DET NOUN,UC,2
513,ADP PROPN ADP,MP,2
34,ADJ ADP PRON,FJ,2
818,DET NOUN PUNCT,RA,2
1094,PRON VERB PUNCT,DD,2
1108,PRON VERB VERB,R,2
1107,PRON VERB VERB,MV,2
816,DET NOUN PUNCT,MY,2
373,ADP DET NUM,U,2
693,DET ADV ADJ,MV,2
374,ADP DET PRON,MC,2
784,DET NOUN NOUN,RD,2
486,ADP PRON PUNCT,R,2
510,ADP PRON VERB,UA,2
364,ADP DET NOUN,S,2
1113,PRON VERB VERB,UV,2
495,ADP PRON VERB,MC,2
352,ADP DET NOUN,M,2
354,ADP DET NOUN,MC,2
8,ADJ ADJ NOUN,S,2
4,ADJ ADJ NOUN,MD,2
491,ADP PRON VERB,ID,2
500,ADP PRON VERB,MY,2
1115,_ _ _,M,2
490,ADP PRON PUNCT,UT,2
787,DET NOUN NOUN,U,2
358,ADP DET NOUN,MY,2
489,ADP PRON PUNCT,U,2
502,ADP PRON VERB,RA,2
903,DET VERB NOUN,R,2
2,ADJ ADJ ADV,DY,2
790,DET NOUN PART,R,2
35,ADJ ADP PRON,IJ,2
553,ADP VERB ADP,R,2
19,ADJ ADP DET,FJ,2
838,DET NOUN VERB,RQ,2
852,DET PRON VERB,RA,2
27,ADJ ADP DET,TV,2
451,ADP NUM NOUN,ID,2
450,ADP NUM ADP,RT,2
853,DET PRON VERB,S,2
800,DET NOUN PRON,RD,2
411,ADP NOUN DET,UT,2
801,DET NOUN PRON,RP,2
448,ADP NUM ADJ,RT,2
445,ADP NOUN VERB,UT,2
443,ADP NOUN VERB,R,2
413,ADP NOUN NOUN,MP,2
414,ADP NOUN NOUN,R,2
415,ADP NOUN NOUN,RT,2
416,ADP NOUN NOUN,UT,2
417,ADP NOUN PART,MP,2
1101,PRON VERB VERB,M,2
802,DET NOUN PRON,RQ,2
685,DET ADP DET,RA,2
530,ADP PROPN PROPN,UT,2
422,ADP NOUN PRON,R,2
1099,PRON VERB PUNCT,UA,2
453,ADP NUM NOUN,SX,2
525,ADP PROPN PRON,RT,2
474,ADP PRON DET,W,2
684,DET ADP DET,R,2
888,DET VERB ADV,MA,2
795,DET NOUN PRON,DY,2
546,ADP PUNCT VERB,RT,2
813,DET NOUN PUNCT,MP,2
383,ADP DET PUNCT,MP,2
385,ADP DET VERB,M,2
432,ADP NOUN PUNCT,MY,2
466,ADP PRON ADV,W,2
388,ADP DET VERB,RT,2
812,DET NOUN PUNCT,M,2
883,DET VERB ADP,MP,2
464,ADP PRON ADV,RT,2
846,DET NUM NOUN,AGD,2
880,DET VERB ADJ,RA,2
879,DET VERB ADJ,MP,2
543,ADP PUNCT PRON,SX,2
694,DET ADV ADJ,R,2
877,DET PUNCT _,RA,2
848,DET NUM PUNCT,RP,2
523,ADP PROPN NOUN,RT,2
399,ADP NOUN ADP,RP,2
1060,PRON VERB DET,RP,2
295,ADP ADP NOUN,UT,2
43,ADJ ADP PROPN,MD,2
188,ADJ PART VERB,MD,2
202,ADJ PUNCT ADJ,RJ,2
998,PRON PRON VERB,RA,2
738,DET NOUN ADP,MP,2
196,ADJ PRON VERB,SX,2
193,ADJ PRON VERB,DN,2
735,DET NOUN ADP,M,2
733,DET NOUN ADP,FD,2
636,CCONJ PRON VERB,RP,2
628,CCONJ PRON VERB,M,2
1010,PRON PUNCT DET,RA,2
178,ADJ NOUN VERB,UJ,2
729,DET NOUN ADJ,RP,2
172,ADJ NOUN VERB,MD,2
1015,PRON PUNCT PRON,UA,2
740,DET NOUN ADP,MV,2
205,ADJ PUNCT ADP,RJ,2
992,PRON PART VERB,UA,2
208,ADJ PUNCT ADV,RJ,2
63,ADJ CCONJ ADV,IJ,2
211,ADJ PUNCT CCONJ,DJ,2
744,DET NOUN ADP,RN,2
986,PRON NOUN VERB,DD,2
985,PRON NOUN PUNCT,SX,2
222,ADJ PUNCT NOUN,RJ,2
983,PRON NOUN CCONJ,MT,2
227,ADJ PUNCT PRON,DJ,2
233,ADJ PUNCT PRON,SX,2
977,PRON DET NOUN,RA,2
235,ADJ PUNCT PUNCT,S,2
748,DET NOUN ADP,U,2
974,PRON DET NOUN,MP,2
169,ADJ NOUN PUNCT,W,2
1020,PRON PUNCT _,RA,2
58,ADJ CCONJ ADJ,MD,2
1046,PRON VERB ADV,R,2
1042,PRON VERB ADV,MN,2
112,ADJ NOUN CCONJ,L,2
77,ADJ DET ADJ,W,2
1044,PRON VERB ADV,MT,2
109,ADJ NOUN ADV,S,2
652,DET ADJ ADP,UD,2
106,ADJ NOUN ADV,RJ,2
156,ADJ NOUN PUNCT,MT,2
1051,PRON VERB ADV,U,2
100,ADJ NOUN ADP,UJ,2
1064,PRON VERB NOUN,RA,2
712,DET DET NOUN,MA,2
93,ADJ NOUN ADP,MT,2
88,ADJ NOUN ADJ,RP,2
76,ADJ CCONJ VERB,S,2
121,ADJ NOUN DET,MQ,2
1040,PRON VERB ADV,MA,2
715,DET DET NOUN,R,2
716,DET DET NOUN,RQ,2
125,ADJ NOUN DET,UJ,2
649,DET ADJ ADJ,UD,2
127,ADJ NOUN NOUN,MP,2
132,ADJ NOUN PART,S,2
720,DET DET NOUN,UQ,2
721,DET DET NOUN,W,2
1028,PRON VERB ADJ,U,2
146,ADJ NOUN PUNCT,CQ,2
147,ADJ NOUN PUNCT,DJ,2
149,ADJ NOUN PUNCT,ID,2
150,ADJ NOUN PUNCT,M,2
708,DET DET ADJ,MT,2
607,CCONJ DET NOUN,MP,2
613,CCONJ NOUN ADP,MP,2
253,ADJ VERB ADP,W,2
268,ADP ADJ ADP,RT,2
312,ADP ADV PRON,RT,2
274,ADP ADJ NOUN,ID,2
922,PRON ADJ NOUN,DD,2
944,PRON ADV CCONJ,MT,2
774,DET NOUN DET,RD,2
675,DET ADJ PROPN,UD,2
278,ADP ADJ NOUN,UT,2
773,DET NOUN DET,R,2
307,ADP ADV DET,RT,2
280,ADP ADJ PRON,RY,2
769,DET NOUN CCONJ,SX,2
940,PRON ADV ADJ,R,2
582,CCONJ ADJ NOUN,MP,2
288,ADP ADP DET,RT,2
575,AUX ADV VERB,MA,2
290,ADP ADP DET,SX,2
927,PRON ADP DET,UA,2
303,ADP ADV ADP,UT,2
294,ADP ADP NOUN,RT,2
576,AUX ADV VERB,MP,2
931,PRON ADP PRON,AGA,2
299,ADP ADP PRON,RT,2
710,DET DET ADJ,UQ,2
314,ADP ADV PRON,UT,2
946,PRON ADV PART,MT,2
296,ADP ADP PRON,R,2
267,ADP ADJ ADP,MP,2
782,DET NOUN NOUN,MV,2
47,ADJ ADP VERB,RJ,2
327,ADP DET ADJ,MA,2
52,ADJ ADV PRON,S,2
778,DET NOUN NOUN,M,2
762,DET NOUN CCONJ,MA,2
318,ADP ADV PUNCT,RY,2
918,DET VERB VERB,W,2
570,ADP VERB VERB,R,2
703,DET ADV PUNCT,RP,2
590,CCONJ ADP PRON,RC,2
783,DET NOUN NOUN,R,2
245,ADJ PUNCT _,R,2
958,PRON AUX ADV,MP,2
722,DET DET NOUN,X,1
724,DET DET VERB,U,1
711,DET DET NOUN,ID,1
723,DET DET VERB,RA,1
700,DET ADV PRON,R,1
709,DET DET ADJ,UD,1
697,DET ADV ADV,RA,1
786,DET NOUN NOUN,RQ,1
780,DET NOUN NOUN,MP,1
718,DET DET NOUN,UC,1
779,DET NOUN NOUN,MD,1
717,DET DET NOUN,SX,1
692,DET ADV ADJ,MT,1
789,DET NOUN PART,MT,1
698,DET ADV CCONJ,UD,1
701,DET ADV PRON,RP,1
776,DET NOUN DET,UD,1
713,DET DET NOUN,MN,1
750,DET NOUN ADP,W,1
725,DET DET VERB,UA,1
760,DET NOUN CCONJ,AGD,1
806,DET NOUN PROPN,AGD,1
797,DET NOUN PRON,MP,1
805,DET NOUN PRON,X,1
804,DET NOUN PRON,W,1
706,DET AUX ADV,MP,1
761,DET NOUN CCONJ,M,1
699,DET ADV NOUN,R,1
759,DET NOUN ADV,W,1
726,DET NOUN ADJ,DI,1
745,DET NOUN ADP,RP,1
705,DET ADV _,U,1
695,DET ADV ADJ,RP,1
747,DET NOUN ADP,S,1
757,DET NOUN ADV,RQ,1
756,DET NOUN ADV,RP,1
754,DET NOUN ADV,MY,1
763,DET NOUN CCONJ,MP,1
807,DET NOUN PROPN,W,1
741,DET NOUN ADP,MY,1
765,DET NOUN CCONJ,MV,1
791,DET NOUN PART,RD,1
727,DET NOUN ADJ,MP,1
811,DET NOUN PUNCT,DD,1
707,DET DET ADJ,AS,1
792,DET NOUN PART,U,1
753,DET NOUN ADV,MV,1
728,DET NOUN ADJ,MY,1
730,DET NOUN ADJ,S,1
732,DET NOUN ADP,AGQ,1
810,DET NOUN PUNCT,CQ,1
794,DET NOUN PRON,AGQ,1
734,DET NOUN ADP,ID,1
736,DET NOUN ADP,MA,1
737,DET NOUN ADP,MD,1
766,DET NOUN CCONJ,MY,1
771,DET NOUN DET,MP,1
900,DET VERB NOUN,MP,1
822,DET NOUN PUNCT,U,1
1000,PRON PRON VERB,W,1
1002,PRON PUNCT ADV,AGA,1
1003,PRON PUNCT ADV,RA,1
1004,PRON PUNCT ADV,RP,1
1005,PRON PUNCT ADV,UA,1
1006,PRON PUNCT CCONJ,MT,1
1007,PRON PUNCT CCONJ,RA,1
1008,PRON PUNCT DET,MT,1
1009,PRON PUNCT DET,R,1
1011,PRON PUNCT PRON,MP,1
1013,PRON PUNCT PRON,R,1
1014,PRON PUNCT PRON,RA,1
1016,PRON PUNCT PUNCT,R,1
1017,PRON PUNCT VERB,MV,1
1019,PRON PUNCT _,R,1
1021,PRON PUNCT _,UA,1
1022,PRON VERB ADJ,AS,1
1023,PRON VERB ADJ,DD,1
1025,PRON VERB ADJ,MY,1
1026,PRON VERB ADJ,R,1
1001,PRON PUNCT ADP,UA,1
999,PRON PRON VERB,UA,1
1030,PRON VERB ADP,M,1
996,PRON PRON DET,R,1
967,PRON CCONJ DET,RA,1
968,PRON CCONJ PART,UA,1
969,PRON CCONJ PRON,UA,1
970,PRON CCONJ VERB,MV,1
971,PRON CCONJ VERB,UA,1
972,PRON DET ADJ,RA,1
973,PRON DET DET,MT,1
976,PRON DET NOUN,R,1
979,PRON INTJ PUNCT,R,1
980,PRON NOUN ADP,DD,1
981,PRON NOUN ADV,W,1
982,PRON NOUN CCONJ,DD,1
987,PRON NUM CCONJ,UA,1
988,PRON PART CCONJ,RA,1
989,PRON PART VERB,AGA,1
991,PRON PART VERB,R,1
993,PRON PART VERB,W,1
994,PRON PRON ADV,MT,1
995,PRON PRON CCONJ,MT,1
1029,PRON VERB ADP,AGA,1
1031,PRON VERB ADP,MC,1
965,PRON CCONJ ADV,RA,1
1073,PRON VERB NUM,UA,1
1075,PRON VERB PART,AGA,1
1076,PRON VERB PART,MC,1
1080,PRON VERB PART,MY,1
1081,PRON VERB PART,R,1
1082,PRON VERB PART,RA,1
1083,PRON VERB PART,SX,1
1084,PRON VERB PART,UA,1
1085,PRON VERB PART,UP,1
1087,PRON VERB PRON,MV,1
1088,PRON VERB PRON,R,1
1090,PRON VERB PRON,RP,1
1091,PRON VERB PRON,U,1
1093,PRON VERB PROPN,MP,1
1096,PRON VERB PUNCT,MP,1
1097,PRON VERB PUNCT,R,1
1100,PRON VERB VERB,AGA,1
1102,PRON VERB VERB,MA,1
1104,PRON VERB VERB,MN,1
1106,PRON VERB VERB,MT,1
1074,PRON VERB NUM,W,1
1072,PRON VERB NUM,RA,1
1033,PRON VERB ADP,MT,1
1071,PRON VERB NUM,R,1
1034,PRON VERB ADP,MV,1
1035,PRON VERB ADP,R,1
1037,PRON VERB ADP,U,1
1038,PRON VERB ADP,UA,1
1039,PRON VERB ADV,M,1
1045,PRON VERB ADV,MV,1
1049,PRON VERB ADV,RV,1
1050,PRON VERB ADV,TV,1
1053,PRON VERB ADV,X,1
1054,PRON VERB CCONJ,MN,1
1055,PRON VERB DET,MA,1
1058,PRON VERB DET,R,1
1062,PRON VERB DET,UV,1
1065,PRON VERB NOUN,RP,1
1066,PRON VERB NOUN,S,1
1067,PRON VERB NOUN,UA,1
1068,PRON VERB NOUN,UP,1
1069,PRON VERB NUM,AG,1
1070,PRON VERB NUM,AGA,1
966,PRON CCONJ DET,MP,1
964,PRON CCONJ ADV,MY,1
823,DET NOUN PUNCT,UA,1
859,DET PROPN NOUN,UD,1
862,DET PROPN PRON,RD,1
863,DET PROPN PROPN,MT,1
864,DET PROPN PROPN,RD,1
866,DET PROPN PROPN,SX,1
868,DET PROPN PUNCT,FD,1
869,DET PROPN PUNCT,MT,1
870,DET PROPN PUNCT,R,1
872,DET PUNCT ADJ,R,1
873,DET PUNCT ADV,UA,1
874,DET PUNCT CCONJ,RA,1
876,DET PUNCT X,MT,1
878,DET PUNCT _,UA,1
881,DET VERB ADJ,SX,1
882,DET VERB ADP,DA,1
885,DET VERB ADP,UQ,1
886,DET VERB ADV,AGA,1
887,DET VERB ADV,DA,1
891,DET VERB ADV,RP,1
892,DET VERB ADV,RQ,1
860,DET PROPN NUM,UD,1
858,DET PROPN ADP,MT,1
894,DET VERB CCONJ,MV,1
857,DET PRON VERB,W,1
825,DET NOUN PUNCT,UQ,1
827,DET NOUN VERB,AS,1
828,DET NOUN VERB,DA,1
829,DET NOUN VERB,M,1
830,DET NOUN VERB,MA,1
831,DET NOUN VERB,MC,1
833,DET NOUN VERB,MT,1
834,DET NOUN VERB,MV,1
839,DET NOUN VERB,S,1
840,DET NOUN VERB,SX,1
841,DET NOUN VERB,U,1
844,DET NOUN VERB,X,1
845,DET NUM ADP,MP,1
847,DET NUM NOUN,UD,1
849,DET PART VERB,DA,1
850,DET PART VERB,UD,1
851,DET PRON VERB,R,1
855,DET PRON VERB,UA,1
856,DET PRON VERB,UC,1
893,DET VERB ADV,UP,1
895,DET VERB DET,AGA,1
962,PRON AUX VERB,MY,1
929,PRON ADP NOUN,U,1
932,PRON ADP PRON,MP,1
934,PRON ADP PRON,R,1
935,PRON ADP PRON,RA,1
936,PRON ADP PRON,RP,1
938,PRON ADP PROPN,AGA,1
939,PRON ADP VERB,S,1
941,PRON ADV ADV,RA,1
942,PRON ADV ADV,UA,1
943,PRON ADV ADV,UT,1
945,PRON ADV NUM,MT,1
947,PRON ADV PRON,IV,1
950,PRON ADV PUNCT,RP,1
951,PRON ADV VERB,MA,1
952,PRON ADV VERB,MN,1
954,PRON ADV VERB,RA,1
956,PRON ADV _,RP,1
957,PRON AUX ADV,M,1
959,PRON AUX NOUN,TV,1
960,PRON AUX PART,U,1
930,PRON ADP NOUN,UA,1
926,PRON ADP DET,U,1
897,DET VERB DET,R,1
924,PRON ADJ PUNCT,UA,1
899,DET VERB DET,SX,1
690,DET ADV ADJ,ID,1
901,DET VERB NOUN,MT,1
902,DET VERB NOUN,MY,1
905,DET VERB NOUN,RD,1
906,DET VERB NUM,MP,1
907,DET VERB PART,R,1
908,DET VERB PROPN,R,1
909,DET VERB PUNCT,DA,1
910,DET VERB PUNCT,RA,1
911,DET VERB PUNCT,RY,1
912,DET VERB PUNCT,SX,1
913,DET VERB VERB,DA,1
916,DET VERB VERB,S,1
917,DET VERB VERB,SX,1
919,DET _ _,RP,1
920,DET _ _,W,1
921,PRON ADJ CCONJ,DD,1
923,PRON ADJ NOUN,UA,1
691,DET ADV ADJ,MP,1
0,ADJ ADJ ADP,DY,1
689,DET ADP PRON,RQ,1
224,ADJ PUNCT NOUN,SA,1
226,ADJ PUNCT PRON,AGQ,1
228,ADJ PUNCT PRON,DY,1
229,ADJ PUNCT PRON,IJ,1
231,ADJ PUNCT PRON,RN,1
234,ADJ PUNCT PROPN,DY,1
236,ADJ PUNCT VERB,DJ,1
237,ADJ PUNCT VERB,FA,1
238,ADJ PUNCT X,RJ,1
239,ADJ PUNCT _,DJ,1
240,ADJ PUNCT _,DN,1
241,ADJ PUNCT _,DY,1
242,ADJ PUNCT _,M,1
243,ADJ PUNCT _,MT,1
244,ADJ PUNCT _,MV,1
247,ADJ PUNCT _,RP,1
249,ADJ PUNCT _,SA,1
250,ADJ PUNCT _,SX,1
251,ADJ VERB ADP,RJ,1
252,ADJ VERB ADP,UY,1
254,ADJ VERB ADV,R,1
255,ADJ VERB DET,SX,1
256,ADJ VERB NOUN,MP,1
257,ADJ VERB PART,S,1
225,ADJ PUNCT NUM,S,1
223,ADJ PUNCT NOUN,S,1
180,ADJ NOUN _,DJ,1
221,ADJ PUNCT NOUN,MD,1
182,ADJ NOUN _,S,1
183,ADJ NUM PROPN,UJ,1
184,ADJ PART NOUN,SX,1
185,ADJ PART VERB,IJ,1
186,ADJ PART VERB,IV,1
187,ADJ PART VERB,MA,1
189,ADJ PART VERB,MV,1
190,ADJ PART VERB,R,1
194,ADJ PRON VERB,RJ,1
197,ADJ PROPN NOUN,RP,1
198,ADJ PROPN PUNCT,IV,1
199,ADJ PROPN PUNCT,RP,1
200,ADJ PUNCT ADJ,MD,1
201,ADJ PUNCT ADJ,MY,1
203,ADJ PUNCT ADP,DY,1
204,ADJ PUNCT ADP,FJ,1
207,ADJ PUNCT ADV,DJ,1
210,ADJ PUNCT ADV,SX,1
212,ADJ PUNCT CCONJ,DN,1
215,ADJ PUNCT CCONJ,SX,1
216,ADJ PUNCT DET,DN,1
217,ADJ PUNCT DET,DY,1
220,ADJ PUNCT NOUN,FJ,1
258,ADJ VERB PRON,DN,1
259,ADJ VERB PRON,RY,1
260,ADJ VERB PUNCT,DY,1
261,ADJ VERB PUNCT,L,1
304,ADP ADV ADV,AS,1
305,ADP ADV CCONJ,MV,1
306,ADP ADV CCONJ,U,1
308,ADP ADV NOUN,U,1
309,ADP ADV PART,W,1
310,ADP ADV PRON,MY,1
311,ADP ADV PRON,R,1
313,ADP ADV PRON,U,1
315,ADP ADV PUNCT,MA,1
316,ADP ADV PUNCT,R,1
317,ADP ADV PUNCT,RT,1
319,ADP ADV PUNCT,U,1
320,ADP ADV VERB,MY,1
321,ADP ADV VERB,RA,1
322,ADP ADV VERB,RP,1
323,ADP ADV VERB,RT,1
324,ADP ADV VERB,W,1
325,ADP CCONJ PRON,UT,1
328,ADP DET ADJ,MC,1
329,ADP DET ADJ,MN,1
331,ADP DET ADJ,MV,1
334,ADP DET ADJ,SX,1
337,ADP DET ADJ,W,1
302,ADP ADV ADP,SX,1
301,ADP ADV ADJ,R,1
300,ADP ADP PRON,UA,1
276,ADP ADJ NOUN,RC,1
262,ADJ VERB PUNCT,R,1
263,ADJ VERB PUNCT,S,1
264,ADJ VERB VERB,DN,1
265,ADJ _ _,DY,1
266,ADP ADJ ADJ,MP,1
269,ADP ADJ ADV,W,1
270,ADP ADJ CCONJ,ID,1
271,ADP ADJ CCONJ,R,1
272,ADP ADJ CCONJ,RP,1
273,ADP ADJ DET,DY,1
279,ADP ADJ PART,R,1
298,ADP ADP PRON,RP,1
281,ADP ADJ PRON,UT,1
282,ADP ADJ PUNCT,M,1
283,ADP ADP ADJ,R,1
284,ADP ADP ADP,SX,1
285,ADP ADP DET,MP,1
286,ADP ADP DET,MV,1
291,ADP ADP NOUN,ID,1
292,ADP ADP NOUN,MP,1
293,ADP ADP NOUN,R,1
297,ADP ADP PRON,RC,1
181,ADJ NOUN _,RJ,1
177,ADJ NOUN VERB,UA,1
688,DET ADP NOUN,R,1
39,ADJ ADP PRON,MV,1
44,ADJ ADP PUNCT,RJ,1
45,ADJ ADP VERB,DJ,1
46,ADJ ADP VERB,R,1
49,ADJ ADV ADJ,AGN,1
50,ADJ ADV ADV,S,1
51,ADJ ADV PRON,DJ,1
53,ADJ ADV PUNCT,S,1
54,ADJ ADV PUNCT,TV,1
55,ADJ ADV VERB,S,1
56,ADJ CCONJ ADJ,CL,1
57,ADJ CCONJ ADJ,DJ,1
60,ADJ CCONJ ADJ,SA,1
61,ADJ CCONJ ADV,DY,1
62,ADJ CCONJ ADV,ID,1
65,ADJ CCONJ ADV,S,1
66,ADJ CCONJ ADV,W,1
67,ADJ CCONJ DET,IJ,1
68,ADJ CCONJ DET,RJ,1
69,ADJ CCONJ NOUN,DN,1
70,ADJ CCONJ NOUN,S,1
71,ADJ CCONJ NOUN,SX,1
73,ADJ CCONJ PRON,S,1
74,ADJ CCONJ PUNCT,DY,1
42,ADJ ADP PRON,SX,1
38,ADJ ADP PRON,MQ,1
176,ADJ NOUN VERB,SX,1
37,ADJ ADP PRON,MA,1
3,ADJ ADJ NOUN,L,1
5,ADJ ADJ NOUN,MP,1
6,ADJ ADJ NOUN,R,1
7,ADJ ADJ NOUN,RJ,1
9,ADJ ADJ NOUN,UJ,1
10,ADJ ADJ PUNCT,DY,1
11,ADJ ADP ADJ,MP,1
12,ADJ ADP ADJ,RJ,1
13,ADJ ADP ADP,DJ,1
14,ADJ ADP ADP,RJ,1
15,ADJ ADP ADV,DJ,1
16,ADJ ADP ADV,RJ,1
18,ADJ ADP DET,DY,1
20,ADJ ADP DET,M,1
21,ADJ ADP DET,MY,1
22,ADJ ADP DET,R,1
24,ADJ ADP DET,RY,1
26,ADJ ADP DET,SX,1
28,ADJ ADP NOUN,DY,1
29,ADJ ADP NOUN,MP,1
31,ADJ ADP NUM,M,1
32,ADJ ADP NUM,S,1
36,ADJ ADP PRON,M,1
75,ADJ CCONJ VERB,RJ,1
78,ADJ DET ADV,S,1
79,ADJ DET NOUN,FJ,1
80,ADJ DET NOUN,SX,1
129,ADJ NOUN NOUN,S,1
131,ADJ NOUN PART,R,1
134,ADJ NOUN PRON,DJ,1
135,ADJ NOUN PRON,FJ,1
136,ADJ NOUN PRON,M,1
137,ADJ NOUN PRON,MD,1
138,ADJ NOUN PRON,MY,1
141,ADJ NOUN PRON,SA,1
142,ADJ NOUN PROPN,RJ,1
143,ADJ NOUN PROPN,RP,1
145,ADJ NOUN PUNCT,CN,1
148,ADJ NOUN PUNCT,DN,1
152,ADJ NOUN PUNCT,MJ,1
153,ADJ NOUN PUNCT,MN,1
157,ADJ NOUN PUNCT,MV,1
158,ADJ NOUN PUNCT,MY,1
160,ADJ NOUN PUNCT,RD,1
162,ADJ NOUN PUNCT,RN,1
165,ADJ NOUN PUNCT,SA,1
168,ADJ NOUN PUNCT,UY,1
170,ADJ NOUN VERB,CN,1
171,ADJ NOUN VERB,CQ,1
175,ADJ NOUN VERB,SA,1
128,ADJ NOUN NOUN,RP,1
126,ADJ NOUN NOUN,MD,1
124,ADJ NOUN DET,S,1
101,ADJ NOUN ADP,W,1
82,ADJ DET PRON,IN,1
83,ADJ DET VERB,R,1
84,ADJ INTJ ADP,RP,1
85,ADJ INTJ PUNCT,RP,1
86,ADJ NOUN ADJ,MV,1
87,ADJ NOUN ADJ,R,1
89,ADJ NOUN ADP,DJ,1
91,ADJ NOUN ADP,M,1
95,ADJ NOUN ADP,R,1
97,ADJ NOUN ADP,RP,1
102,ADJ NOUN ADV,AGQ,1
123,ADJ NOUN DET,RJ,1
103,ADJ NOUN ADV,IV,1
104,ADJ NOUN ADV,MD,1
105,ADJ NOUN ADV,MY,1
107,ADJ NOUN ADV,RN,1
108,ADJ NOUN ADV,RP,1
110,ADJ NOUN ADV,SX,1
111,ADJ NOUN CCONJ,DJ,1
115,ADJ NOUN CCONJ,R,1
117,ADJ NOUN CCONJ,RN,1
122,ADJ NOUN DET,MT,1
339,ADP DET ADP,UT,1
340,ADP DET ADP,W,1
341,ADP DET ADV,ID,1
583,CCONJ ADJ NOUN,R,1
585,CCONJ ADJ NOUN,SX,1
586,CCONJ ADJ PUNCT,R,1
587,CCONJ ADP ADJ,UC,1
588,CCONJ ADP DET,MP,1
589,CCONJ ADP PRON,MT,1
591,CCONJ ADP PRON,RQ,1
592,CCONJ ADP PRON,S,1
593,CCONJ ADP SYM,R,1
595,CCONJ ADV ADP,RP,1
596,CCONJ ADV CCONJ,S,1
597,CCONJ ADV DET,MT,1
598,CCONJ ADV NOUN,MN,1
599,CCONJ ADV PART,MA,1
600,CCONJ ADV PRON,MP,1
601,CCONJ ADV PRON,MT,1
602,CCONJ ADV VERB,R,1
603,CCONJ DET ADJ,MP,1
604,CCONJ DET ADJ,MY,1
605,CCONJ DET ADJ,R,1
606,CCONJ DET ADJ,RP,1
608,CCONJ DET NOUN,MV,1
610,CCONJ DET NOUN,UC,1
611,CCONJ DET PUNCT,MP,1
584,CCONJ ADJ NOUN,RC,1
580,CCONJ ADJ ADP,RC,1
342,ADP DET ADV,R,1
579,AUX ADV VERB,X,1
547,ADP PUNCT VERB,UT,1
548,ADP PUNCT _,UT,1
549,ADP SYM NUM,RT,1
550,ADP VERB ADJ,MC,1
551,ADP VERB ADJ,RT,1
552,ADP VERB ADP,MY,1
555,ADP VERB ADP,UT,1
556,ADP VERB ADP,W,1
557,ADP VERB ADV,R,1
1,ADJ ADJ ADP,S,1
559,ADP VERB DET,R,1
560,ADP VERB DET,RC,1
562,ADP VERB DET,UT,1
564,ADP VERB PART,UT,1
565,ADP VERB PRON,MA,1
566,ADP VERB PRON,RT,1
567,ADP VERB PUNCT,UT,1
568,ADP VERB VERB,M,1
569,ADP VERB VERB,MQ,1
571,ADP VERB VERB,RT,1
572,ADP VERB VERB,UT,1
573,ADP _ _,SX,1
574,AUX ADV DET,TV,1
612,CCONJ DET VERB,MN,1
614,CCONJ NOUN ADP,SX,1
615,CCONJ NOUN CCONJ,MN,1
616,CCONJ NOUN NOUN,MA,1
651,DET ADJ ADP,SX,1
653,DET ADJ CCONJ,ID,1
654,DET ADJ CCONJ,M,1
655,DET ADJ NOUN,AGD,1
656,DET ADJ NOUN,DD,1
658,DET ADJ NOUN,MA,1
659,DET ADJ NOUN,MC,1
663,DET ADJ NOUN,MY,1
666,DET ADJ NOUN,RJ,1
670,DET ADJ NOUN,W,1
671,DET ADJ NUM,UD,1
672,DET ADJ PART,RJ,1
673,DET ADJ PART,RQ,1
674,DET ADJ PROPN,RP,1
677,DET ADJ PUNCT,R,1
678,DET ADJ PUNCT,SX,1
679,DET ADJ PUNCT,UD,1
680,DET ADJ VERB,DY,1
681,DET ADP ADJ,W,1
682,DET ADP CCONJ,RD,1
683,DET ADP DET,MT,1
686,DET ADP DET,RP,1
687,DET ADP NOUN,DA,1
650,DET ADJ ADP,MP,1
648,DET ADJ ADJ,FD,1
647,CCONJ VERB VERB,MY,1
630,CCONJ PRON VERB,MN,1
617,CCONJ NOUN PRON,RC,1
618,CCONJ NOUN PUNCT,MP,1
620,CCONJ NOUN PUNCT,UC,1
621,CCONJ NOUN VERB,MP,1
622,CCONJ PART VERB,MP,1
623,CCONJ PART VERB,R,1
624,CCONJ PRON ADP,MP,1
625,CCONJ PRON ADV,MP,1
626,CCONJ PRON AUX,RC,1
627,CCONJ PRON NOUN,MT,1
632,CCONJ PRON VERB,MT,1
646,CCONJ VERB PRON,RC,1
633,CCONJ PRON VERB,MY,1
634,CCONJ PRON VERB,R,1
638,CCONJ PROPN PROPN,MV,1
639,CCONJ PROPN PUNCT,RC,1
640,CCONJ PUNCT PRON,MP,1
641,CCONJ VERB DET,MN,1
642,CCONJ VERB NOUN,MT,1
643,CCONJ VERB PART,R,1
644,CCONJ VERB PRON,MA,1
645,CCONJ VERB PRON,R,1
545,ADP PUNCT PUNCT,UT,1
544,ADP PUNCT PROPN,RT,1
542,ADP PUNCT DET,RT,1
456,ADP NUM PROPN,RT,1
403,ADP NOUN ADP,W,1
409,ADP NOUN DET,R,1
410,ADP NOUN DET,RT,1
412,ADP NOUN DET,W,1
418,ADP NOUN PART,RT,1
419,ADP NOUN PART,U,1
420,ADP NOUN PART,UT,1
424,ADP NOUN PRON,U,1
425,ADP NOUN PRON,UT,1
426,ADP NOUN PROPN,R,1
427,ADP NOUN PUNCT,AGD,1
428,ADP NOUN PUNCT,M,1
431,ADP NOUN PUNCT,MT,1
434,ADP NOUN PUNCT,RD,1
436,ADP NOUN PUNCT,RY,1
437,ADP NOUN PUNCT,S,1
438,ADP NOUN PUNCT,SX,1
440,ADP NOUN VERB,M,1
442,ADP NOUN VERB,MV,1
444,ADP NOUN VERB,RT,1
446,ADP NOUN X,UT,1
447,ADP NOUN _,RT,1
449,ADP NUM ADJ,RY,1
401,ADP NOUN ADP,SX,1
396,ADP NOUN ADP,MA,1
394,ADP NOUN ADP,DT,1
372,ADP DET NUM,RT,1
344,ADP DET CCONJ,RT,1
345,ADP DET DET,ID,1
346,ADP DET DET,MP,1
347,ADP DET DET,R,1
349,ADP DET DET,W,1
350,ADP DET NOUN,AS,1
356,ADP DET NOUN,MT,1
360,ADP DET NOUN,RC,1
369,ADP DET NOUN,UY,1
371,ADP DET NUM,ID,1
375,ADP DET PRON,MP,1
393,ADP NOUN ADP,AGD,1
376,ADP DET PRON,R,1
378,ADP DET PRON,U,1
379,ADP DET PRON,UT,1
380,ADP DET PROPN,MY,1
382,ADP DET PUNCT,DY,1
387,ADP DET VERB,R,1
389,ADP DET VERB,U,1
390,ADP DET VERB,UT,1
391,ADP NOUN ADJ,RT,1
392,ADP NOUN ADJ,UT,1
455,ADP NUM PRON,RT,1
457,ADP NUM PROPN,UT,1
541,ADP PUNCT CCONJ,UT,1
458,ADP NUM PUNCT,M,1
504,ADP PRON VERB,RP,1
506,ADP PRON VERB,RY,1
507,ADP PRON VERB,S,1
508,ADP PRON VERB,SX,1
509,ADP PRON VERB,U,1
514,ADP PROPN ADP,R,1
516,ADP PROPN ADP,UT,1
517,ADP PROPN ADV,RT,1
518,ADP PROPN ADV,W,1
519,ADP PROPN CCONJ,MY,1
521,ADP PROPN CCONJ,UT,1
522,ADP PROPN NOUN,MN,1
526,ADP PROPN PRON,W,1
527,ADP PROPN PROPN,MN,1
529,ADP PROPN PROPN,RY,1
533,ADP PROPN VERB,RT,1
534,ADP PUNCT ADP,MP,1
535,ADP PUNCT ADP,UT,1
536,ADP PUNCT ADV,RT,1
537,ADP PUNCT ADV,RY,1
538,ADP PUNCT ADV,UT,1
539,ADP PUNCT CCONJ,DY,1
540,ADP PUNCT CCONJ,R,1
499,ADP PRON VERB,MV,1
498,ADP PRON VERB,MQ,1
496,ADP PRON VERB,MN,1
475,ADP PRON NOUN,R,1
459,ADP NUM PUNCT,RT,1
460,ADP NUM PUNCT,UT,1
463,ADP PRON ADV,RC,1
465,ADP PRON ADV,UT,1
467,ADP PRON CCONJ,MY,1
469,ADP PRON CCONJ,TV,1
470,ADP PRON CCONJ,UT,1
471,ADP PRON DET,MV,1
472,ADP PRON DET,U,1
473,ADP PRON DET,UT,1
476,ADP PRON NOUN,RT,1
492,ADP PRON VERB,L,1
477,ADP PRON NOUN,U,1
478,ADP PRON NOUN,UT,1
479,ADP PRON PART,UC,1
480,ADP PRON PART,UT,1
481,ADP PRON PRON,RT,1
482,ADP PRON PRON,UT,1
483,ADP PRON PUNCT,MA,1
484,ADP PRON PUNCT,MN,1
485,ADP PRON PUNCT,MP,1
487,ADP PRON PUNCT,RA,1
558,ADP VERB ADV,RT,1
