BCEwithLL,64,0.001,incorrect_ud_tags_padded,4%,737,413,501,720,0.9295559467268923
BCEwithLL,64,0.001,incorrect_ud_tags_padded,8%,958,486,428,499,0.5991896110797436
BCEwithLL,64,0.001,incorrect_ud_tags_padded,12%,724,354,560,733,0.9456972998106878
BCEwithLL,64,0.001,incorrect_ud_tags_padded,16%,711,347,567,746,0.9483211000033213
BCEwithLL,64,0.001,incorrect_ud_tags_padded,20%,661,314,600,796,0.9463283403633465
BCEwithLL,64,0.001,incorrect_ud_tags_padded,24%,684,303,611,773,0.9487528645919825
BCEwithLL,64,0.001,incorrect_ud_tags_padded,29%,745,347,567,712,0.9476900594506626
BCEwithLL,64,0.001,incorrect_ud_tags_padded,33%,669,319,595,788,0.9476900594506626
BCEwithLL,64,0.001,incorrect_ud_tags_padded,37%,716,330,584,741,0.9476734531203295
BCEwithLL,64,0.001,incorrect_ud_tags_padded,41%,693,324,590,764,0.944767345312033
BCEwithLL,64,0.001,incorrect_ud_tags_padded,45%,669,321,593,788,0.9486532266099837
BCEwithLL,64,0.001,incorrect_ud_tags_padded,49%,681,327,587,776,0.9470922315586702
BCEwithLL,64,0.001,incorrect_ud_tags_padded,53%,754,334,580,703,0.9478229100933275
BCEwithLL,64,0.001,incorrect_ud_tags_padded,58%,747,330,584,710,0.943837390813378
BCEwithLL,64,0.001,incorrect_ud_tags_padded,62%,743,324,590,714,0.9492012355109768
BCEwithLL,64,0.001,incorrect_ud_tags_padded,66%,663,312,602,794,0.9452489288916935
BCEwithLL,64,0.001,incorrect_ud_tags_padded,70%,631,288,626,826,0.948819289913315
BCEwithLL,64,0.001,incorrect_ud_tags_padded,74%,616,293,621,841,0.9496662127603043
BCEwithLL,64,0.001,incorrect_ud_tags_padded,78%,622,293,621,835,0.9471254442193364
BCEwithLL,64,0.001,incorrect_ud_tags_padded,83%,613,292,622,844,0.9485868012886512
BCEwithLL,64,0.001,incorrect_ud_tags_padded,87%,688,311,603,769,0.9477730911023282
BCEwithLL,64,0.001,incorrect_ud_tags_padded,91%,630,282,632,827,0.9488857152346475
BCEwithLL,64,0.001,incorrect_ud_tags_padded,95%,624,284,630,833,0.9488358962436481
BCEwithLL,64,0.001,incorrect_ud_tags_padded,99%,534,272,642,923,0.9420273008070676
BCEwithLL,64,0.001,incorrect_ud_tags_padded,100%,366,154,760,1091,0.7272576306087881
BCEwithLL,64,1e-05,incorrect_ud_tags_padded,4%,1215,730,184,242,0.8830416154638148
BCEwithLL,64,1e-05,incorrect_ud_tags_padded,8%,1126,645,269,331,0.9028529675512306
BCEwithLL,64,1e-05,incorrect_ud_tags_padded,12%,1081,582,332,376,0.9185957687070311
BCEwithLL,64,1e-05,incorrect_ud_tags_padded,16%,1017,537,377,440,0.9199574877943472
BCEwithLL,64,1e-05,incorrect_ud_tags_padded,20%,997,528,386,460,0.927762463050915
BCEwithLL,64,1e-05,incorrect_ud_tags_padded,24%,1007,531,383,450,0.9295227340662261
BCEwithLL,64,1e-05,incorrect_ud_tags_padded,29%,998,525,389,459,0.9319970772858613
BCEwithLL,64,1e-05,incorrect_ud_tags_padded,33%,968,509,405,489,0.9334584343551762
BCEwithLL,64,1e-05,incorrect_ud_tags_padded,37%,956,499,415,501,0.9360988408781428
BCEwithLL,64,1e-05,incorrect_ud_tags_padded,41%,961,495,419,496,0.9370121890464645
BCEwithLL,64,1e-05,incorrect_ud_tags_padded,45%,965,497,417,492,0.9374439536351257
BCEwithLL,64,1e-05,incorrect_ud_tags_padded,49%,949,485,429,508,0.9387724600617755
BCEwithLL,64,1e-05,incorrect_ud_tags_padded,53%,942,485,429,515,0.9398518715334285
BCEwithLL,64,1e-05,incorrect_ud_tags_padded,58%,941,480,434,516,0.9411471652994121
BCEwithLL,64,1e-05,incorrect_ud_tags_padded,62%,941,478,436,516,0.9420937261284001
BCEwithLL,64,1e-05,incorrect_ud_tags_padded,66%,931,473,441,526,0.9415125045667408
BCEwithLL,64,1e-05,incorrect_ud_tags_padded,70%,922,467,447,535,0.9418778438340696
BCEwithLL,64,1e-05,incorrect_ud_tags_padded,74%,922,467,447,535,0.9431399249393869
BCEwithLL,64,1e-05,incorrect_ud_tags_padded,78%,917,454,460,540,0.9430402869573882
BCEwithLL,64,1e-05,incorrect_ud_tags_padded,83%,909,447,467,548,0.9409478893354146
BCEwithLL,64,1e-05,incorrect_ud_tags_padded,87%,907,449,465,550,0.943704540170713
BCEwithLL,64,1e-05,incorrect_ud_tags_padded,91%,907,448,466,550,0.9443853997143711
BCEwithLL,64,1e-05,incorrect_ud_tags_padded,95%,881,446,468,576,0.9432229565910525
BCEwithLL,64,1e-05,incorrect_ud_tags_padded,99%,870,429,485,587,0.9449832276063636
BCEwithLL,64,1e-05,incorrect_ud_tags_padded,100%,870,429,485,587,0.9447175263210336
BCEwithLL,64,0.01,incorrect_ud_tags_padded,4%,0,0,914,1457,0.5
BCEwithLL,64,0.01,incorrect_ud_tags_padded,8%,0,0,914,1457,0.5
BCEwithLL,64,0.01,incorrect_ud_tags_padded,12%,0,0,914,1457,0.5
BCEwithLL,64,0.01,incorrect_ud_tags_padded,16%,0,0,914,1457,0.5
BCEwithLL,64,0.01,incorrect_ud_tags_padded,20%,0,0,914,1457,0.5
BCEwithLL,64,0.01,incorrect_ud_tags_padded,24%,0,0,914,1457,0.5
BCEwithLL,64,0.01,incorrect_ud_tags_padded,29%,0,0,914,1457,0.5
BCEwithLL,64,0.01,incorrect_ud_tags_padded,33%,0,0,914,1457,0.5
BCEwithLL,64,0.01,incorrect_ud_tags_padded,37%,0,0,914,1457,0.5
BCEwithLL,64,0.01,incorrect_ud_tags_padded,41%,0,0,914,1457,0.5
BCEwithLL,64,0.01,incorrect_ud_tags_padded,45%,0,0,914,1457,0.5
BCEwithLL,64,0.01,incorrect_ud_tags_padded,49%,0,0,914,1457,0.5
BCEwithLL,64,0.01,incorrect_ud_tags_padded,53%,0,0,914,1457,0.5
BCEwithLL,64,0.01,incorrect_ud_tags_padded,58%,0,0,914,1457,0.5
BCEwithLL,64,0.01,incorrect_ud_tags_padded,62%,0,0,914,1457,0.5
BCEwithLL,64,0.01,incorrect_ud_tags_padded,66%,0,0,914,1457,0.5
BCEwithLL,64,0.01,incorrect_ud_tags_padded,70%,0,0,914,1457,0.5
BCEwithLL,64,0.01,incorrect_ud_tags_padded,74%,0,0,914,1457,0.5
BCEwithLL,64,0.01,incorrect_ud_tags_padded,78%,0,0,914,1457,0.5
BCEwithLL,64,0.01,incorrect_ud_tags_padded,83%,0,0,914,1457,0.5
BCEwithLL,64,0.01,incorrect_ud_tags_padded,87%,0,0,914,1457,0.5
BCEwithLL,64,0.01,incorrect_ud_tags_padded,91%,0,0,914,1457,0.5
BCEwithLL,64,0.01,incorrect_ud_tags_padded,95%,0,0,914,1457,0.5
BCEwithLL,64,0.01,incorrect_ud_tags_padded,99%,0,0,914,1457,0.5
BCEwithLL,64,0.01,incorrect_ud_tags_padded,100%,0,0,914,1457,0.5
BCEwithLL,64,0.0001,incorrect_ud_tags_padded,4%,868,463,451,589,0.915208077319074
BCEwithLL,64,0.0001,incorrect_ud_tags_padded,8%,877,442,472,580,0.9355342256468165
BCEwithLL,64,0.0001,incorrect_ud_tags_padded,12%,829,404,510,628,0.9392042246504367
BCEwithLL,64,0.0001,incorrect_ud_tags_padded,16%,799,399,515,658,0.9456972998106878
BCEwithLL,64,0.0001,incorrect_ud_tags_padded,20%,720,358,556,737,0.9443853997143711
BCEwithLL,64,0.0001,incorrect_ud_tags_padded,24%,677,316,598,780,0.9449666212760304
BCEwithLL,64,0.0001,incorrect_ud_tags_padded,29%,658,310,604,799,0.9473247201833339
BCEwithLL,64,0.0001,incorrect_ud_tags_padded,33%,641,304,610,816,0.947872729084327
BCEwithLL,64,0.0001,incorrect_ud_tags_padded,37%,611,298,616,846,0.9483044936729882
BCEwithLL,64,0.0001,incorrect_ud_tags_padded,41%,641,299,615,816,0.9487362582616493
BCEwithLL,64,0.0001,incorrect_ud_tags_padded,45%,642,306,608,815,0.948022186057325
BCEwithLL,64,0.0001,incorrect_ud_tags_padded,49%,613,294,620,844,0.9487528645919825
BCEwithLL,64,0.0001,incorrect_ud_tags_padded,53%,628,302,612,829,0.9462785213723471
BCEwithLL,64,0.0001,incorrect_ud_tags_padded,58%,659,313,601,798,0.9496163937693048
BCEwithLL,64,0.0001,incorrect_ud_tags_padded,62%,657,303,611,800,0.9495831811086386
BCEwithLL,64,0.0001,incorrect_ud_tags_padded,66%,655,309,605,802,0.9492676608323093
BCEwithLL,64,0.0001,incorrect_ud_tags_padded,70%,690,324,590,767,0.9477232721113288
BCEwithLL,64,0.0001,incorrect_ud_tags_padded,74%,669,317,597,788,0.9491514165199774
BCEwithLL,64,0.0001,incorrect_ud_tags_padded,78%,642,309,605,815,0.94788933541466
BCEwithLL,64,0.0001,incorrect_ud_tags_padded,83%,664,313,601,793,0.9465774353183434
BCEwithLL,64,0.0001,incorrect_ud_tags_padded,87%,656,316,598,801,0.9495831811086386
BCEwithLL,64,0.0001,incorrect_ud_tags_padded,91%,644,307,607,813,0.9495665747783055
BCEwithLL,64,0.0001,incorrect_ud_tags_padded,95%,653,315,599,804,0.9491680228503105
BCEwithLL,64,0.0001,incorrect_ud_tags_padded,99%,637,305,609,820,0.9495499684479723
BCEwithLL,64,0.0001,incorrect_ud_tags_padded,100%,467,229,685,990,0.9005114749742602
BCEwithLL,128,1e-05,incorrect_ud_tags_padded,4%,1020,552,362,437,0.9167690723703876
BCEwithLL,128,1e-05,incorrect_ud_tags_padded,8%,1065,562,352,392,0.9175993888870437
BCEwithLL,128,1e-05,incorrect_ud_tags_padded,12%,1080,574,340,377,0.9227307449599788
BCEwithLL,128,1e-05,incorrect_ud_tags_padded,16%,1057,557,357,400,0.9232953601913049
BCEwithLL,128,1e-05,incorrect_ud_tags_padded,20%,1030,549,365,427,0.9302201999402172
BCEwithLL,128,1e-05,incorrect_ud_tags_padded,24%,1011,535,379,446,0.9344880268358298
BCEwithLL,128,1e-05,incorrect_ud_tags_padded,29%,1001,525,389,456,0.934786940781826
BCEwithLL,128,1e-05,incorrect_ud_tags_padded,33%,983,506,408,474,0.9365970307881364
BCEwithLL,128,1e-05,incorrect_ud_tags_padded,37%,969,496,418,488,0.9389551296954399
BCEwithLL,128,1e-05,incorrect_ud_tags_padded,41%,947,485,429,510,0.9401175728187585
BCEwithLL,128,1e-05,incorrect_ud_tags_padded,45%,942,482,432,515,0.9407652197017503
BCEwithLL,128,1e-05,incorrect_ud_tags_padded,49%,918,473,441,539,0.9410973463084128
BCEwithLL,128,1e-05,incorrect_ud_tags_padded,53%,901,460,454,556,0.9409811019960809
BCEwithLL,128,1e-05,incorrect_ud_tags_padded,58%,859,445,469,598,0.9430070742967219
BCEwithLL,128,1e-05,incorrect_ud_tags_padded,62%,859,446,468,598,0.9421435451193995
BCEwithLL,128,1e-05,incorrect_ud_tags_padded,66%,856,440,474,601,0.9426417350293932
BCEwithLL,128,1e-05,incorrect_ud_tags_padded,70%,846,435,479,611,0.9440034541167093
BCEwithLL,128,1e-05,incorrect_ud_tags_padded,74%,837,427,487,620,0.9437543591617125
BCEwithLL,128,1e-05,incorrect_ud_tags_padded,78%,835,427,487,622,0.9439204224650437
BCEwithLL,128,1e-05,incorrect_ud_tags_padded,83%,832,415,499,625,0.9446012820087017
BCEwithLL,128,1e-05,incorrect_ud_tags_padded,87%,832,416,498,625,0.9443355807233718
BCEwithLL,128,1e-05,incorrect_ud_tags_padded,91%,830,415,499,627,0.9426251286990601
BCEwithLL,128,1e-05,incorrect_ud_tags_padded,95%,826,412,502,631,0.945182503570361
BCEwithLL,128,1e-05,incorrect_ud_tags_padded,99%,818,402,512,639,0.9449832276063636
BCEwithLL,128,1e-05,incorrect_ud_tags_padded,100%,815,401,513,642,0.9398020525424292
BCEwithLL,128,0.01,incorrect_ud_tags_padded,4%,0,0,914,1457,0.5
BCEwithLL,128,0.01,incorrect_ud_tags_padded,8%,0,0,914,1457,0.5
BCEwithLL,128,0.01,incorrect_ud_tags_padded,12%,0,0,914,1457,0.5
BCEwithLL,128,0.01,incorrect_ud_tags_padded,16%,0,0,914,1457,0.5
BCEwithLL,128,0.01,incorrect_ud_tags_padded,20%,0,0,914,1457,0.5
BCEwithLL,128,0.01,incorrect_ud_tags_padded,24%,0,0,914,1457,0.5
BCEwithLL,128,0.01,incorrect_ud_tags_padded,29%,0,0,914,1457,0.5
BCEwithLL,128,0.01,incorrect_ud_tags_padded,33%,0,0,914,1457,0.5
BCEwithLL,128,0.01,incorrect_ud_tags_padded,37%,0,0,914,1457,0.5
BCEwithLL,128,0.01,incorrect_ud_tags_padded,41%,0,0,914,1457,0.5
BCEwithLL,128,0.01,incorrect_ud_tags_padded,45%,0,0,914,1457,0.5
BCEwithLL,128,0.01,incorrect_ud_tags_padded,49%,0,0,914,1457,0.5
BCEwithLL,128,0.01,incorrect_ud_tags_padded,53%,0,0,914,1457,0.5
BCEwithLL,128,0.01,incorrect_ud_tags_padded,58%,0,0,914,1457,0.5
BCEwithLL,128,0.01,incorrect_ud_tags_padded,62%,0,0,914,1457,0.5
BCEwithLL,128,0.01,incorrect_ud_tags_padded,66%,0,0,914,1457,0.5
BCEwithLL,128,0.01,incorrect_ud_tags_padded,70%,0,0,914,1457,0.5
BCEwithLL,128,0.01,incorrect_ud_tags_padded,74%,0,0,914,1457,0.5
BCEwithLL,128,0.01,incorrect_ud_tags_padded,78%,0,0,914,1457,0.5
BCEwithLL,128,0.01,incorrect_ud_tags_padded,83%,0,0,914,1457,0.5
BCEwithLL,128,0.01,incorrect_ud_tags_padded,87%,0,0,914,1457,0.5
BCEwithLL,128,0.01,incorrect_ud_tags_padded,91%,0,0,914,1457,0.5
BCEwithLL,128,0.01,incorrect_ud_tags_padded,95%,0,0,914,1457,0.5
BCEwithLL,128,0.01,incorrect_ud_tags_padded,99%,0,0,914,1457,0.5
BCEwithLL,128,0.01,incorrect_ud_tags_padded,100%,0,0,914,1457,0.5
BCEwithLL,128,0.0001,incorrect_ud_tags_padded,4%,1038,550,364,419,0.9276130060779169
BCEwithLL,128,0.0001,incorrect_ud_tags_padded,8%,816,407,507,641,0.9438706034740443
BCEwithLL,128,0.0001,incorrect_ud_tags_padded,12%,782,395,519,675,0.947474177156332
BCEwithLL,128,0.0001,incorrect_ud_tags_padded,16%,746,351,563,711,0.9461954897206816
BCEwithLL,128,0.0001,incorrect_ud_tags_padded,20%,650,306,608,807,0.9482712810123219
BCEwithLL,128,0.0001,incorrect_ud_tags_padded,24%,645,308,606,812,0.9476734531203295
BCEwithLL,128,0.0001,incorrect_ud_tags_padded,29%,642,298,616,815,0.9489853532166462
BCEwithLL,128,0.0001,incorrect_ud_tags_padded,33%,611,291,623,846,0.9476568467899964
BCEwithLL,128,0.0001,incorrect_ud_tags_padded,37%,640,302,612,817,0.9487030456009831
BCEwithLL,128,0.0001,incorrect_ud_tags_padded,41%,643,302,612,814,0.9472915075226677
BCEwithLL,128,0.0001,incorrect_ud_tags_padded,45%,626,298,616,831,0.9476236341293302
BCEwithLL,128,0.0001,incorrect_ud_tags_padded,49%,671,329,585,786,0.9459463947656847
BCEwithLL,128,0.0001,incorrect_ud_tags_padded,53%,675,328,586,782,0.9467767112823409
BCEwithLL,128,0.0001,incorrect_ud_tags_padded,58%,641,303,611,816,0.9490351722076455
BCEwithLL,128,0.0001,incorrect_ud_tags_padded,62%,658,311,603,799,0.9469593809160052
BCEwithLL,128,0.0001,incorrect_ud_tags_padded,66%,652,319,595,805,0.9495665747783055
BCEwithLL,128,0.0001,incorrect_ud_tags_padded,70%,611,297,617,846,0.9492510545019761
BCEwithLL,128,0.0001,incorrect_ud_tags_padded,74%,664,321,593,793,0.9487196519313162
BCEwithLL,128,0.0001,incorrect_ud_tags_padded,78%,649,314,600,808,0.9490683848683118
BCEwithLL,128,0.0001,incorrect_ud_tags_padded,83%,671,326,588,786,0.9478063037629945
BCEwithLL,128,0.0001,incorrect_ud_tags_padded,87%,654,315,599,803,0.9496662127603043
BCEwithLL,128,0.0001,incorrect_ud_tags_padded,91%,681,340,574,776,0.9485868012886512
BCEwithLL,128,0.0001,incorrect_ud_tags_padded,95%,613,301,613,844,0.9494835431266399
BCEwithLL,128,0.0001,incorrect_ud_tags_padded,99%,658,323,591,799,0.9502142216612973
BCEwithLL,128,0.0001,incorrect_ud_tags_padded,100%,896,437,477,561,0.8592613504267826
BCEwithLL,128,0.001,incorrect_ud_tags_padded,4%,0,0,914,1457,0.5
BCEwithLL,128,0.001,incorrect_ud_tags_padded,8%,0,0,914,1457,0.5
BCEwithLL,128,0.001,incorrect_ud_tags_padded,12%,0,0,914,1457,0.5
BCEwithLL,128,0.001,incorrect_ud_tags_padded,16%,0,0,914,1457,0.5
BCEwithLL,128,0.001,incorrect_ud_tags_padded,20%,0,0,914,1457,0.5
BCEwithLL,128,0.001,incorrect_ud_tags_padded,24%,0,0,914,1457,0.5
BCEwithLL,128,0.001,incorrect_ud_tags_padded,29%,0,0,914,1457,0.5
BCEwithLL,128,0.001,incorrect_ud_tags_padded,33%,0,0,914,1457,0.5
BCEwithLL,128,0.001,incorrect_ud_tags_padded,37%,0,0,914,1457,0.5
BCEwithLL,128,0.001,incorrect_ud_tags_padded,41%,0,0,914,1457,0.5
BCEwithLL,128,0.001,incorrect_ud_tags_padded,45%,0,0,914,1457,0.5
BCEwithLL,128,0.001,incorrect_ud_tags_padded,49%,0,0,914,1457,0.5
BCEwithLL,128,0.001,incorrect_ud_tags_padded,53%,0,0,914,1457,0.5
BCEwithLL,128,0.001,incorrect_ud_tags_padded,58%,0,0,914,1457,0.5
BCEwithLL,128,0.001,incorrect_ud_tags_padded,62%,0,0,914,1457,0.5
BCEwithLL,128,0.001,incorrect_ud_tags_padded,66%,0,0,914,1457,0.5
BCEwithLL,128,0.001,incorrect_ud_tags_padded,70%,0,0,914,1457,0.5
BCEwithLL,128,0.001,incorrect_ud_tags_padded,74%,0,0,914,1457,0.5
BCEwithLL,128,0.001,incorrect_ud_tags_padded,78%,0,0,914,1457,0.5
BCEwithLL,128,0.001,incorrect_ud_tags_padded,83%,0,0,914,1457,0.5
BCEwithLL,128,0.001,incorrect_ud_tags_padded,87%,0,0,914,1457,0.5
BCEwithLL,128,0.001,incorrect_ud_tags_padded,91%,0,0,914,1457,0.5
BCEwithLL,128,0.001,incorrect_ud_tags_padded,95%,0,0,914,1457,0.5
BCEwithLL,128,0.001,incorrect_ud_tags_padded,99%,0,0,914,1457,0.5
BCEwithLL,128,0.001,incorrect_ud_tags_padded,100%,0,0,914,1457,0.5
NLLoss,128,0.01,incorrect_ud_tags_padded,4%,0,0,914,1457,0.5
NLLoss,128,0.01,incorrect_ud_tags_padded,8%,0,0,914,1457,0.5
NLLoss,128,0.01,incorrect_ud_tags_padded,12%,0,0,914,1457,0.5
NLLoss,128,0.01,incorrect_ud_tags_padded,16%,0,0,914,1457,0.5
NLLoss,128,0.01,incorrect_ud_tags_padded,20%,0,0,914,1457,0.5
NLLoss,128,0.01,incorrect_ud_tags_padded,24%,0,0,914,1457,0.5
NLLoss,128,0.01,incorrect_ud_tags_padded,29%,0,0,914,1457,0.5
NLLoss,128,0.01,incorrect_ud_tags_padded,33%,0,0,914,1457,0.5
NLLoss,128,0.01,incorrect_ud_tags_padded,37%,0,0,914,1457,0.5
NLLoss,128,0.01,incorrect_ud_tags_padded,41%,0,0,914,1457,0.5
NLLoss,128,0.01,incorrect_ud_tags_padded,45%,0,0,914,1457,0.5
NLLoss,128,0.01,incorrect_ud_tags_padded,49%,0,0,914,1457,0.5
NLLoss,128,0.01,incorrect_ud_tags_padded,53%,0,0,914,1457,0.5
NLLoss,128,0.01,incorrect_ud_tags_padded,58%,0,0,914,1457,0.5
NLLoss,128,0.01,incorrect_ud_tags_padded,62%,0,0,914,1457,0.5
NLLoss,128,0.01,incorrect_ud_tags_padded,66%,0,0,914,1457,0.5
NLLoss,128,0.01,incorrect_ud_tags_padded,70%,0,0,914,1457,0.5
NLLoss,128,0.01,incorrect_ud_tags_padded,74%,0,0,914,1457,0.5
NLLoss,128,0.01,incorrect_ud_tags_padded,78%,0,0,914,1457,0.5
NLLoss,128,0.01,incorrect_ud_tags_padded,83%,0,0,914,1457,0.5
NLLoss,128,0.01,incorrect_ud_tags_padded,87%,0,0,914,1457,0.5
NLLoss,128,0.01,incorrect_ud_tags_padded,91%,0,0,914,1457,0.5
NLLoss,128,0.01,incorrect_ud_tags_padded,95%,0,0,914,1457,0.5
NLLoss,128,0.01,incorrect_ud_tags_padded,99%,0,0,914,1457,0.5
NLLoss,128,0.01,incorrect_ud_tags_padded,100%,0,0,914,1457,0.5
NLLoss,128,1e-05,incorrect_ud_tags_padded,4%,1069,616,298,388,0.9102261782191371
NLLoss,128,1e-05,incorrect_ud_tags_padded,8%,1046,571,343,411,0.9236440931283005
NLLoss,128,1e-05,incorrect_ud_tags_padded,12%,978,523,391,479,0.9333754027035106
NLLoss,128,1e-05,incorrect_ud_tags_padded,16%,970,509,405,487,0.9371616460194626
NLLoss,128,1e-05,incorrect_ud_tags_padded,20%,918,488,426,539,0.9349696104154904
NLLoss,128,1e-05,incorrect_ud_tags_padded,24%,873,452,462,584,0.9404330930950878
NLLoss,128,1e-05,incorrect_ud_tags_padded,29%,840,433,481,617,0.9391710119897705
NLLoss,128,1e-05,incorrect_ud_tags_padded,33%,843,431,483,614,0.9424424590653957
NLLoss,128,1e-05,incorrect_ud_tags_padded,37%,827,418,496,630,0.9419110564947358
NLLoss,128,1e-05,incorrect_ud_tags_padded,41%,825,405,509,632,0.9436049021887143
NLLoss,128,1e-05,incorrect_ud_tags_padded,45%,823,404,510,634,0.9433724135640507
NLLoss,128,1e-05,incorrect_ud_tags_padded,49%,823,401,513,634,0.9429572553057225
NLLoss,128,1e-05,incorrect_ud_tags_padded,53%,821,400,514,636,0.9442525490717061
NLLoss,128,1e-05,incorrect_ud_tags_padded,58%,821,400,514,636,0.9444518250357036
NLLoss,128,1e-05,incorrect_ud_tags_padded,62%,814,398,516,643,0.9446677073300342
NLLoss,128,1e-05,incorrect_ud_tags_padded,66%,814,398,516,643,0.9449998339366966
NLLoss,128,1e-05,incorrect_ud_tags_padded,70%,806,393,521,651,0.945182503570361
NLLoss,128,1e-05,incorrect_ud_tags_padded,74%,799,388,526,658,0.9445680693480355
NLLoss,128,1e-05,incorrect_ud_tags_padded,78%,786,387,527,671,0.9438872098043775
NLLoss,128,1e-05,incorrect_ud_tags_padded,83%,797,388,526,660,0.9459962137566841
NLLoss,128,1e-05,incorrect_ud_tags_padded,87%,795,388,526,662,0.9457471188016872
NLLoss,128,1e-05,incorrect_ud_tags_padded,91%,770,367,547,687,0.9466438606396759
NLLoss,128,1e-05,incorrect_ud_tags_padded,95%,754,356,558,703,0.9475239961473314
NLLoss,128,1e-05,incorrect_ud_tags_padded,99%,780,374,540,677,0.9471254442193364
NLLoss,128,1e-05,incorrect_ud_tags_padded,100%,772,366,548,685,0.9466106479790096
BCEwithLL,256,1e-05,incorrect_ud_tags_padded,4%,977,517,397,480,0.916553190076057
BCEwithLL,256,1e-05,incorrect_ud_tags_padded,8%,1023,538,376,434,0.9174001129230462
BCEwithLL,256,1e-05,incorrect_ud_tags_padded,12%,1035,530,384,422,0.9328107874721844
BCEwithLL,256,1e-05,incorrect_ud_tags_padded,16%,985,514,400,472,0.9352519180311535
BCEwithLL,256,1e-05,incorrect_ud_tags_padded,20%,938,487,427,519,0.9377926865721213
BCEwithLL,256,1e-05,incorrect_ud_tags_padded,24%,865,463,451,592,0.9351688863794878
BCEwithLL,256,1e-05,incorrect_ud_tags_padded,29%,832,435,479,625,0.9331761267395131
BCEwithLL,256,1e-05,incorrect_ud_tags_padded,33%,829,414,500,628,0.9413464412634096
BCEwithLL,256,1e-05,incorrect_ud_tags_padded,37%,822,407,507,635,0.9428077983327244
BCEwithLL,256,1e-05,incorrect_ud_tags_padded,41%,826,408,506,631,0.9427911920023914
BCEwithLL,256,1e-05,incorrect_ud_tags_padded,45%,825,408,506,632,0.9440366667773755
BCEwithLL,256,1e-05,incorrect_ud_tags_padded,49%,824,402,512,633,0.9438041781527118
BCEwithLL,256,1e-05,incorrect_ud_tags_padded,53%,813,399,515,644,0.9428410109933907
BCEwithLL,256,1e-05,incorrect_ud_tags_padded,58%,807,398,516,650,0.9446012820087017
BCEwithLL,256,1e-05,incorrect_ud_tags_padded,62%,805,397,517,652,0.944368793384038
BCEwithLL,256,1e-05,incorrect_ud_tags_padded,66%,781,393,521,676,0.9450330465973629
BCEwithLL,256,1e-05,incorrect_ud_tags_padded,70%,790,394,520,667,0.9412301969510778
BCEwithLL,256,1e-05,incorrect_ud_tags_padded,74%,783,390,524,674,0.9458633631140191
BCEwithLL,256,1e-05,incorrect_ud_tags_padded,78%,801,393,521,656,0.9434720515460494
BCEwithLL,256,1e-05,incorrect_ud_tags_padded,83%,773,384,530,684,0.9453485668736923
BCEwithLL,256,1e-05,incorrect_ud_tags_padded,87%,777,379,535,680,0.9455312365073566
BCEwithLL,256,1e-05,incorrect_ud_tags_padded,91%,778,379,535,679,0.9454149921950248
BCEwithLL,256,1e-05,incorrect_ud_tags_padded,95%,761,356,558,696,0.9480886113786575
BCEwithLL,256,1e-05,incorrect_ud_tags_padded,99%,764,356,558,693,0.9471752632103357
BCEwithLL,256,1e-05,incorrect_ud_tags_padded,100%,784,380,534,673,0.9405991563984191
NLLoss,64,1e-05,incorrect_ud_tags_padded,4%,1062,580,334,395,0.9040652296655485
NLLoss,64,1e-05,incorrect_ud_tags_padded,8%,1017,540,374,440,0.9211033245873327
NLLoss,64,1e-05,incorrect_ud_tags_padded,12%,989,531,383,468,0.9307183898502109
NLLoss,64,1e-05,incorrect_ud_tags_padded,16%,991,512,402,466,0.9340894749078349
NLLoss,64,1e-05,incorrect_ud_tags_padded,20%,977,505,409,480,0.9344714205054967
NLLoss,64,1e-05,incorrect_ud_tags_padded,24%,971,499,415,486,0.9370121890464645
NLLoss,64,1e-05,incorrect_ud_tags_padded,29%,957,487,427,500,0.936945763725132
NLLoss,64,1e-05,incorrect_ud_tags_padded,33%,952,485,429,505,0.9391876183201037
NLLoss,64,1e-05,incorrect_ud_tags_padded,37%,908,475,439,549,0.940449699425421
NLLoss,64,1e-05,incorrect_ud_tags_padded,41%,887,459,455,570,0.9410807399780796
NLLoss,64,1e-05,incorrect_ud_tags_padded,45%,885,455,459,572,0.9423760337440632
NLLoss,64,1e-05,incorrect_ud_tags_padded,49%,877,447,467,580,0.9419276628250689
NLLoss,64,1e-05,incorrect_ud_tags_padded,53%,874,448,466,583,0.9433392009033844
NLLoss,64,1e-05,incorrect_ud_tags_padded,58%,866,441,473,591,0.9434056262247169
NLLoss,64,1e-05,incorrect_ud_tags_padded,62%,860,427,487,597,0.9438041781527118
NLLoss,64,1e-05,incorrect_ud_tags_padded,66%,860,429,485,597,0.943837390813378
NLLoss,64,1e-05,incorrect_ud_tags_padded,70%,827,418,496,630,0.9446677073300342
NLLoss,64,1e-05,incorrect_ud_tags_padded,74%,826,417,497,631,0.9442857617323723
NLLoss,64,1e-05,incorrect_ud_tags_padded,78%,832,416,498,625,0.9438041781527118
NLLoss,64,1e-05,incorrect_ud_tags_padded,83%,804,393,521,653,0.9433392009033844
NLLoss,64,1e-05,incorrect_ud_tags_padded,87%,804,393,521,653,0.9450828655883623
NLLoss,64,1e-05,incorrect_ud_tags_padded,91%,815,398,516,642,0.9434388388853832
NLLoss,64,1e-05,incorrect_ud_tags_padded,95%,810,395,519,647,0.9453319605433591
NLLoss,64,1e-05,incorrect_ud_tags_padded,99%,811,394,520,646,0.9449998339366966
NLLoss,64,1e-05,incorrect_ud_tags_padded,100%,792,379,535,665,0.9374273473047926
NLLoss,64,0.001,incorrect_ud_tags_padded,4%,606,305,609,851,0.9407652197017503
NLLoss,64,0.001,incorrect_ud_tags_padded,8%,505,242,672,952,0.9144607924540835
NLLoss,64,0.001,incorrect_ud_tags_padded,12%,706,326,588,751,0.94395363512571
NLLoss,64,0.001,incorrect_ud_tags_padded,16%,635,291,623,822,0.9438041781527118
NLLoss,64,0.001,incorrect_ud_tags_padded,20%,609,294,620,848,0.9466936796306752
NLLoss,64,0.001,incorrect_ud_tags_padded,24%,612,279,635,845,0.9459796074263509
NLLoss,64,0.001,incorrect_ud_tags_padded,29%,600,291,623,857,0.948968746886313
NLLoss,64,0.001,incorrect_ud_tags_padded,33%,571,261,653,886,0.9278787073632468
NLLoss,64,0.001,incorrect_ud_tags_padded,37%,749,326,588,708,0.9416785678700721
NLLoss,64,0.001,incorrect_ud_tags_padded,41%,608,272,642,849,0.9470091999070045
NLLoss,64,0.001,incorrect_ud_tags_padded,45%,701,318,596,756,0.9382078448304494
NLLoss,64,0.001,incorrect_ud_tags_padded,49%,551,257,657,906,0.9464279783453452
NLLoss,64,0.001,incorrect_ud_tags_padded,53%,630,301,613,827,0.945448204855691
NLLoss,64,0.001,incorrect_ud_tags_padded,58%,709,308,606,748,0.9472749011923345
NLLoss,64,0.001,incorrect_ud_tags_padded,62%,700,311,603,757,0.9474409644956657
NLLoss,64,0.001,incorrect_ud_tags_padded,66%,700,316,598,757,0.9457139061410209
NLLoss,64,0.001,incorrect_ud_tags_padded,70%,579,263,651,878,0.9497824570726361
NLLoss,64,0.001,incorrect_ud_tags_padded,74%,573,268,646,884,0.948819289913315
NLLoss,64,0.001,incorrect_ud_tags_padded,78%,563,263,651,894,0.9449998339366966
NLLoss,64,0.001,incorrect_ud_tags_padded,83%,593,268,646,864,0.9475738151383307
NLLoss,64,0.001,incorrect_ud_tags_padded,87%,586,265,649,871,0.9369623700554651
NLLoss,64,0.001,incorrect_ud_tags_padded,91%,550,255,659,907,0.9452821415523598
NLLoss,64,0.001,incorrect_ud_tags_padded,95%,557,246,668,900,0.9478229100933275
NLLoss,64,0.001,incorrect_ud_tags_padded,99%,734,316,598,723,0.9455644491680228
NLLoss,64,0.001,incorrect_ud_tags_padded,100%,487,205,709,970,0.9067886678401806
BCEwithLL,256,0.01,incorrect_ud_tags_padded,4%,0,0,914,1457,0.5
BCEwithLL,256,0.01,incorrect_ud_tags_padded,8%,0,0,914,1457,0.5
BCEwithLL,256,0.01,incorrect_ud_tags_padded,12%,0,0,914,1457,0.5
BCEwithLL,256,0.01,incorrect_ud_tags_padded,16%,0,0,914,1457,0.5
BCEwithLL,256,0.01,incorrect_ud_tags_padded,20%,0,0,914,1457,0.5
BCEwithLL,256,0.01,incorrect_ud_tags_padded,24%,0,0,914,1457,0.5
BCEwithLL,256,0.01,incorrect_ud_tags_padded,29%,0,0,914,1457,0.5
BCEwithLL,256,0.01,incorrect_ud_tags_padded,33%,0,0,914,1457,0.5
BCEwithLL,256,0.01,incorrect_ud_tags_padded,37%,0,0,914,1457,0.5
BCEwithLL,256,0.01,incorrect_ud_tags_padded,41%,0,0,914,1457,0.5
BCEwithLL,256,0.01,incorrect_ud_tags_padded,45%,0,0,914,1457,0.5
BCEwithLL,256,0.01,incorrect_ud_tags_padded,49%,0,0,914,1457,0.5
BCEwithLL,256,0.01,incorrect_ud_tags_padded,53%,0,0,914,1457,0.5
BCEwithLL,256,0.01,incorrect_ud_tags_padded,58%,0,0,914,1457,0.5
BCEwithLL,256,0.01,incorrect_ud_tags_padded,62%,0,0,914,1457,0.5
BCEwithLL,256,0.01,incorrect_ud_tags_padded,66%,0,0,914,1457,0.5
BCEwithLL,256,0.01,incorrect_ud_tags_padded,70%,0,0,914,1457,0.5
BCEwithLL,256,0.01,incorrect_ud_tags_padded,74%,0,0,914,1457,0.5
BCEwithLL,256,0.01,incorrect_ud_tags_padded,78%,0,0,914,1457,0.5
BCEwithLL,256,0.01,incorrect_ud_tags_padded,83%,0,0,914,1457,0.5
BCEwithLL,256,0.01,incorrect_ud_tags_padded,87%,0,0,914,1457,0.5
BCEwithLL,256,0.01,incorrect_ud_tags_padded,91%,0,0,914,1457,0.5
BCEwithLL,256,0.01,incorrect_ud_tags_padded,95%,0,0,914,1457,0.5
BCEwithLL,256,0.01,incorrect_ud_tags_padded,99%,0,0,914,1457,0.5
BCEwithLL,256,0.01,incorrect_ud_tags_padded,100%,0,0,914,1457,0.5
NLLoss,64,0.0001,incorrect_ud_tags_padded,4%,893,446,468,564,0.9408150386927496
NLLoss,64,0.0001,incorrect_ud_tags_padded,8%,736,339,575,721,0.9413298349330765
NLLoss,64,0.0001,incorrect_ud_tags_padded,12%,642,312,602,815,0.9473579328440002
NLLoss,64,0.0001,incorrect_ud_tags_padded,16%,605,296,618,852,0.9483543126639875
NLLoss,64,0.0001,incorrect_ud_tags_padded,20%,674,313,601,783,0.9480886113786575
NLLoss,64,0.0001,incorrect_ud_tags_padded,24%,698,335,579,759,0.9415623235577402
NLLoss,64,0.0001,incorrect_ud_tags_padded,29%,770,377,537,687,0.9415955362184064
NLLoss,64,0.0001,incorrect_ud_tags_padded,33%,663,329,585,794,0.949500149456973
NLLoss,64,0.0001,incorrect_ud_tags_padded,37%,646,306,608,811,0.9494503304659736
NLLoss,64,0.0001,incorrect_ud_tags_padded,41%,656,317,597,801,0.9495167557873061
NLLoss,64,0.0001,incorrect_ud_tags_padded,45%,652,315,599,805,0.9492178418413099
NLLoss,64,0.0001,incorrect_ud_tags_padded,49%,656,315,599,801,0.9496163937693048
NLLoss,64,0.0001,incorrect_ud_tags_padded,53%,648,315,599,809,0.9482380683516557
NLLoss,64,0.0001,incorrect_ud_tags_padded,58%,632,296,618,825,0.9449500149456973
NLLoss,64,0.0001,incorrect_ud_tags_padded,62%,665,316,598,792,0.9491514165199774
NLLoss,64,0.0001,incorrect_ud_tags_padded,66%,671,324,590,786,0.9486532266099837
NLLoss,64,0.0001,incorrect_ud_tags_padded,70%,632,309,605,825,0.9489023215649806
NLLoss,64,0.0001,incorrect_ud_tags_padded,74%,701,327,587,756,0.9483211000033213
NLLoss,64,0.0001,incorrect_ud_tags_padded,78%,647,312,602,810,0.9489355342256468
NLLoss,64,0.0001,incorrect_ud_tags_padded,83%,647,319,595,810,0.9487196519313162
NLLoss,64,0.0001,incorrect_ud_tags_padded,87%,626,301,613,831,0.949234448171643
NLLoss,64,0.0001,incorrect_ud_tags_padded,91%,680,321,593,777,0.9465940416486764
NLLoss,64,0.0001,incorrect_ud_tags_padded,95%,666,317,597,791,0.9464777973363446
NLLoss,64,0.0001,incorrect_ud_tags_padded,99%,681,313,601,776,0.9484539506459863
NLLoss,64,0.0001,incorrect_ud_tags_padded,100%,492,234,680,965,0.8695406689029859
NLLoss,64,0.01,incorrect_ud_tags_padded,4%,0,0,914,1457,0.5
NLLoss,64,0.01,incorrect_ud_tags_padded,8%,0,0,914,1457,0.5
NLLoss,64,0.01,incorrect_ud_tags_padded,12%,0,0,914,1457,0.5
NLLoss,64,0.01,incorrect_ud_tags_padded,16%,0,0,914,1457,0.5
NLLoss,64,0.01,incorrect_ud_tags_padded,20%,0,0,914,1457,0.5
NLLoss,64,0.01,incorrect_ud_tags_padded,24%,0,0,914,1457,0.5
NLLoss,64,0.01,incorrect_ud_tags_padded,29%,0,0,914,1457,0.5
NLLoss,64,0.01,incorrect_ud_tags_padded,33%,0,0,914,1457,0.5
NLLoss,64,0.01,incorrect_ud_tags_padded,37%,0,0,914,1457,0.5
NLLoss,64,0.01,incorrect_ud_tags_padded,41%,0,0,914,1457,0.5
NLLoss,64,0.01,incorrect_ud_tags_padded,45%,0,0,914,1457,0.5
NLLoss,64,0.01,incorrect_ud_tags_padded,49%,0,0,914,1457,0.5
NLLoss,64,0.01,incorrect_ud_tags_padded,53%,0,0,914,1457,0.5
NLLoss,64,0.01,incorrect_ud_tags_padded,58%,0,0,914,1457,0.5
NLLoss,64,0.01,incorrect_ud_tags_padded,62%,0,0,914,1457,0.5
NLLoss,64,0.01,incorrect_ud_tags_padded,66%,0,0,914,1457,0.5
NLLoss,64,0.01,incorrect_ud_tags_padded,70%,0,0,914,1457,0.5
NLLoss,64,0.01,incorrect_ud_tags_padded,74%,0,0,914,1457,0.5
NLLoss,64,0.01,incorrect_ud_tags_padded,78%,0,0,914,1457,0.5
NLLoss,64,0.01,incorrect_ud_tags_padded,83%,0,0,914,1457,0.5
NLLoss,64,0.01,incorrect_ud_tags_padded,87%,0,0,914,1457,0.5
NLLoss,64,0.01,incorrect_ud_tags_padded,91%,0,0,914,1457,0.5
NLLoss,64,0.01,incorrect_ud_tags_padded,95%,0,0,914,1457,0.5
NLLoss,64,0.01,incorrect_ud_tags_padded,99%,0,0,914,1457,0.5
NLLoss,64,0.01,incorrect_ud_tags_padded,100%,0,0,914,1457,0.5
BCEwithLL,256,0.001,incorrect_ud_tags_padded,4%,0,0,914,1457,0.5
BCEwithLL,256,0.001,incorrect_ud_tags_padded,8%,0,0,914,1457,0.5
BCEwithLL,256,0.001,incorrect_ud_tags_padded,12%,0,0,914,1457,0.5
BCEwithLL,256,0.001,incorrect_ud_tags_padded,16%,0,0,914,1457,0.5
BCEwithLL,256,0.001,incorrect_ud_tags_padded,20%,0,0,914,1457,0.5
BCEwithLL,256,0.001,incorrect_ud_tags_padded,24%,0,0,914,1457,0.5
BCEwithLL,256,0.001,incorrect_ud_tags_padded,29%,0,0,914,1457,0.5
BCEwithLL,256,0.001,incorrect_ud_tags_padded,33%,0,0,914,1457,0.5
BCEwithLL,256,0.001,incorrect_ud_tags_padded,37%,0,0,914,1457,0.5
BCEwithLL,256,0.001,incorrect_ud_tags_padded,41%,0,0,914,1457,0.5
BCEwithLL,256,0.001,incorrect_ud_tags_padded,45%,0,0,914,1457,0.5
BCEwithLL,256,0.001,incorrect_ud_tags_padded,49%,0,0,914,1457,0.5
BCEwithLL,256,0.001,incorrect_ud_tags_padded,53%,0,0,914,1457,0.5
BCEwithLL,256,0.001,incorrect_ud_tags_padded,58%,0,0,914,1457,0.5
BCEwithLL,256,0.001,incorrect_ud_tags_padded,62%,0,0,914,1457,0.5
BCEwithLL,256,0.001,incorrect_ud_tags_padded,66%,0,0,914,1457,0.5
BCEwithLL,256,0.001,incorrect_ud_tags_padded,70%,0,0,914,1457,0.5
BCEwithLL,256,0.001,incorrect_ud_tags_padded,74%,0,0,914,1457,0.5
BCEwithLL,256,0.001,incorrect_ud_tags_padded,78%,0,0,914,1457,0.5
BCEwithLL,256,0.001,incorrect_ud_tags_padded,83%,0,0,914,1457,0.5
BCEwithLL,256,0.001,incorrect_ud_tags_padded,87%,0,0,914,1457,0.5
BCEwithLL,256,0.001,incorrect_ud_tags_padded,91%,0,0,914,1457,0.5
BCEwithLL,256,0.001,incorrect_ud_tags_padded,95%,0,0,914,1457,0.5
BCEwithLL,256,0.001,incorrect_ud_tags_padded,99%,0,0,914,1457,0.5
BCEwithLL,256,0.001,incorrect_ud_tags_padded,100%,0,0,914,1457,0.5
NLLoss,128,0.001,incorrect_ud_tags_padded,4%,0,0,914,1457,0.5
NLLoss,128,0.001,incorrect_ud_tags_padded,8%,0,0,914,1457,0.5
NLLoss,128,0.001,incorrect_ud_tags_padded,12%,0,0,914,1457,0.5
NLLoss,128,0.001,incorrect_ud_tags_padded,16%,0,0,914,1457,0.5
NLLoss,128,0.001,incorrect_ud_tags_padded,20%,0,0,914,1457,0.5
NLLoss,128,0.001,incorrect_ud_tags_padded,24%,0,0,914,1457,0.5
NLLoss,128,0.001,incorrect_ud_tags_padded,29%,0,0,914,1457,0.5
NLLoss,128,0.001,incorrect_ud_tags_padded,33%,0,0,914,1457,0.5
NLLoss,128,0.001,incorrect_ud_tags_padded,37%,0,0,914,1457,0.5
NLLoss,128,0.001,incorrect_ud_tags_padded,41%,0,0,914,1457,0.5
NLLoss,128,0.001,incorrect_ud_tags_padded,45%,0,0,914,1457,0.5
NLLoss,128,0.001,incorrect_ud_tags_padded,49%,0,0,914,1457,0.5
NLLoss,128,0.001,incorrect_ud_tags_padded,53%,0,0,914,1457,0.5
NLLoss,128,0.001,incorrect_ud_tags_padded,58%,0,0,914,1457,0.5
NLLoss,128,0.001,incorrect_ud_tags_padded,62%,0,0,914,1457,0.5
NLLoss,128,0.001,incorrect_ud_tags_padded,66%,0,0,914,1457,0.5
NLLoss,128,0.001,incorrect_ud_tags_padded,70%,0,0,914,1457,0.5
NLLoss,128,0.001,incorrect_ud_tags_padded,74%,0,0,914,1457,0.5
NLLoss,128,0.001,incorrect_ud_tags_padded,78%,0,0,914,1457,0.5
NLLoss,128,0.001,incorrect_ud_tags_padded,83%,0,0,914,1457,0.5
NLLoss,128,0.001,incorrect_ud_tags_padded,87%,0,0,914,1457,0.5
NLLoss,128,0.001,incorrect_ud_tags_padded,91%,0,0,914,1457,0.5
NLLoss,128,0.001,incorrect_ud_tags_padded,95%,0,0,914,1457,0.5
NLLoss,128,0.001,incorrect_ud_tags_padded,99%,0,0,914,1457,0.5
NLLoss,128,0.001,incorrect_ud_tags_padded,100%,0,0,914,1457,0.5
BCEwithLL,256,0.0001,incorrect_ud_tags_padded,4%,1100,617,297,357,0.8161181042213291
BCEwithLL,256,0.0001,incorrect_ud_tags_padded,8%,821,419,495,636,0.9296057657178917
BCEwithLL,256,0.0001,incorrect_ud_tags_padded,12%,698,366,548,759,0.9084659072038261
BCEwithLL,256,0.0001,incorrect_ud_tags_padded,16%,635,305,609,822,0.9465110099970109
BCEwithLL,256,0.0001,incorrect_ud_tags_padded,20%,660,309,605,797,0.9474243581653327
BCEwithLL,256,0.0001,incorrect_ud_tags_padded,24%,615,304,610,842,0.9467767112823409
BCEwithLL,256,0.0001,incorrect_ud_tags_padded,29%,623,292,622,834,0.9464777973363446
BCEwithLL,256,0.0001,incorrect_ud_tags_padded,33%,675,316,598,782,0.9464777973363446
BCEwithLL,256,0.0001,incorrect_ud_tags_padded,37%,637,309,605,820,0.9485701949583181
BCEwithLL,256,0.0001,incorrect_ud_tags_padded,41%,647,312,602,810,0.9451160782490285
BCEwithLL,256,0.0001,incorrect_ud_tags_padded,45%,624,300,614,833,0.9477066657809957
BCEwithLL,256,0.0001,incorrect_ud_tags_padded,49%,669,327,587,788,0.9453485668736923
BCEwithLL,256,0.0001,incorrect_ud_tags_padded,53%,640,303,611,817,0.9457637251320203
BCEwithLL,256,0.0001,incorrect_ud_tags_padded,58%,657,306,608,800,0.9478229100933275
BCEwithLL,256,0.0001,incorrect_ud_tags_padded,62%,678,316,598,779,0.9471420505496695
BCEwithLL,256,0.0001,incorrect_ud_tags_padded,66%,639,306,608,818,0.9481882493606563
BCEwithLL,256,0.0001,incorrect_ud_tags_padded,70%,665,317,597,792,0.9491348101896443
BCEwithLL,256,0.0001,incorrect_ud_tags_padded,74%,696,327,587,761,0.947474177156332
BCEwithLL,256,0.0001,incorrect_ud_tags_padded,78%,658,313,601,799,0.949367298814308
BCEwithLL,256,0.0001,incorrect_ud_tags_padded,83%,751,356,558,706,0.9439038161347105
BCEwithLL,256,0.0001,incorrect_ud_tags_padded,87%,642,311,603,815,0.947208475871002
BCEwithLL,256,0.0001,incorrect_ud_tags_padded,91%,662,315,599,795,0.9483211000033213
BCEwithLL,256,0.0001,incorrect_ud_tags_padded,95%,624,308,606,833,0.9496496064299711
BCEwithLL,256,0.0001,incorrect_ud_tags_padded,99%,644,305,609,813,0.945182503570361
BCEwithLL,256,0.0001,incorrect_ud_tags_padded,100%,821,383,531,636,0.9185293433856986
NLLoss,128,0.0001,incorrect_ud_tags_padded,4%,855,433,481,602,0.9389385233651067
NLLoss,128,0.0001,incorrect_ud_tags_padded,8%,707,319,595,750,0.9483543126639875
NLLoss,128,0.0001,incorrect_ud_tags_padded,12%,616,294,620,841,0.9452157162310273
NLLoss,128,0.0001,incorrect_ud_tags_padded,16%,663,316,598,794,0.9483211000033213
NLLoss,128,0.0001,incorrect_ud_tags_padded,20%,621,301,613,836,0.9475572088079977
NLLoss,128,0.0001,incorrect_ud_tags_padded,24%,742,364,550,715,0.9461290643993491
NLLoss,128,0.0001,incorrect_ud_tags_padded,29%,647,305,609,810,0.94868643927065
NLLoss,128,0.0001,incorrect_ud_tags_padded,33%,647,310,604,810,0.948553588627985
NLLoss,128,0.0001,incorrect_ud_tags_padded,37%,652,306,608,805,0.9470091999070045
NLLoss,128,0.0001,incorrect_ud_tags_padded,41%,662,318,596,795,0.9498654887243017
NLLoss,128,0.0001,incorrect_ud_tags_padded,45%,671,330,584,786,0.9495333621176393
NLLoss,128,0.0001,incorrect_ud_tags_padded,49%,672,325,589,785,0.9499651267063004
NLLoss,128,0.0001,incorrect_ud_tags_padded,53%,668,329,585,789,0.9452987478826929
NLLoss,128,0.0001,incorrect_ud_tags_padded,58%,626,301,613,831,0.9465608289880102
NLLoss,128,0.0001,incorrect_ud_tags_padded,62%,648,317,597,809,0.9486034076189843
NLLoss,128,0.0001,incorrect_ud_tags_padded,66%,637,326,588,820,0.9484539506459863
NLLoss,128,0.0001,incorrect_ud_tags_padded,70%,663,318,596,794,0.9475738151383307
NLLoss,128,0.0001,incorrect_ud_tags_padded,74%,736,355,559,721,0.9484041316549868
NLLoss,128,0.0001,incorrect_ud_tags_padded,78%,650,313,601,807,0.9456972998106878
NLLoss,128,0.0001,incorrect_ud_tags_padded,83%,738,351,563,719,0.9474077518349995
NLLoss,128,0.0001,incorrect_ud_tags_padded,87%,681,319,595,776,0.9488691089043143
NLLoss,128,0.0001,incorrect_ud_tags_padded,91%,677,326,588,780,0.9492842671626424
NLLoss,128,0.0001,incorrect_ud_tags_padded,95%,634,302,612,823,0.9438041781527118
NLLoss,128,0.0001,incorrect_ud_tags_padded,99%,665,315,599,792,0.9492842671626424
NLLoss,128,0.0001,incorrect_ud_tags_padded,100%,614,293,621,843,0.933973230595503
NLLoss,256,1e-05,incorrect_ud_tags_padded,4%,1150,653,261,307,0.9155900229167359
NLLoss,256,1e-05,incorrect_ud_tags_padded,8%,1079,586,328,378,0.9105084858348003
NLLoss,256,1e-05,incorrect_ud_tags_padded,12%,997,540,374,460,0.9344714205054967
NLLoss,256,1e-05,incorrect_ud_tags_padded,16%,944,517,397,513,0.9365139991364708
NLLoss,256,1e-05,incorrect_ud_tags_padded,20%,906,475,439,551,0.9379255372147863
NLLoss,256,1e-05,incorrect_ud_tags_padded,24%,875,448,466,582,0.9417117805307383
NLLoss,256,1e-05,incorrect_ud_tags_padded,29%,860,431,483,597,0.9421269387890664
NLLoss,256,1e-05,incorrect_ud_tags_padded,33%,829,405,509,628,0.9421435451193995
NLLoss,256,1e-05,incorrect_ud_tags_padded,37%,816,401,513,641,0.9438539971437112
NLLoss,256,1e-05,incorrect_ud_tags_padded,41%,828,404,510,629,0.9440698794380418
NLLoss,256,1e-05,incorrect_ud_tags_padded,45%,816,400,514,641,0.9452157162310273
NLLoss,256,1e-05,incorrect_ud_tags_padded,49%,816,399,515,641,0.9464611910060114
NLLoss,256,1e-05,incorrect_ud_tags_padded,53%,815,395,519,642,0.945315354213026
NLLoss,256,1e-05,incorrect_ud_tags_padded,58%,800,391,523,657,0.9470590188980039
NLLoss,256,1e-05,incorrect_ud_tags_padded,62%,792,387,527,665,0.9453983858646916
NLLoss,256,1e-05,incorrect_ud_tags_padded,66%,792,388,526,665,0.9471254442193364
NLLoss,256,1e-05,incorrect_ud_tags_padded,70%,788,369,545,669,0.9476568467899964
NLLoss,256,1e-05,incorrect_ud_tags_padded,74%,781,365,549,676,0.9474575708259989
NLLoss,256,1e-05,incorrect_ud_tags_padded,78%,774,368,546,683,0.9473911455046664
NLLoss,256,1e-05,incorrect_ud_tags_padded,83%,723,345,569,734,0.9429738616360557
NLLoss,256,1e-05,incorrect_ud_tags_padded,87%,749,365,549,708,0.9485203759673188
NLLoss,256,1e-05,incorrect_ud_tags_padded,91%,732,353,561,725,0.9480387923876582
NLLoss,256,1e-05,incorrect_ud_tags_padded,95%,734,353,561,723,0.949234448171643
NLLoss,256,1e-05,incorrect_ud_tags_padded,99%,715,342,572,742,0.9493174798233086
NLLoss,256,1e-05,incorrect_ud_tags_padded,100%,748,358,556,709,0.9368793384037996
NLLoss,256,0.0001,incorrect_ud_tags_padded,4%,934,488,426,523,0.8438672822079777
NLLoss,256,0.0001,incorrect_ud_tags_padded,8%,748,383,531,709,0.9465442226576771
NLLoss,256,0.0001,incorrect_ud_tags_padded,12%,668,320,594,789,0.9465940416486764
NLLoss,256,0.0001,incorrect_ud_tags_padded,16%,652,304,610,805,0.8816632900461656
NLLoss,256,0.0001,incorrect_ud_tags_padded,20%,648,297,617,809,0.9461456707296821
NLLoss,256,0.0001,incorrect_ud_tags_padded,24%,677,328,586,780,0.9404995184164203
NLLoss,256,0.0001,incorrect_ud_tags_padded,29%,657,323,591,800,0.9467767112823409
NLLoss,256,0.0001,incorrect_ud_tags_padded,33%,668,317,597,789,0.9437543591617125
NLLoss,256,0.0001,incorrect_ud_tags_padded,37%,634,299,615,823,0.9474077518349995
NLLoss,256,0.0001,incorrect_ud_tags_padded,41%,771,362,552,686,0.944235942741373
NLLoss,256,0.0001,incorrect_ud_tags_padded,45%,713,345,569,744,0.9415291108970739
NLLoss,256,0.0001,incorrect_ud_tags_padded,49%,706,330,584,751,0.9487030456009831
NLLoss,256,0.0001,incorrect_ud_tags_padded,53%,701,330,584,756,0.94815503669999
NLLoss,256,0.0001,incorrect_ud_tags_padded,58%,655,319,595,802,0.9468597429340064
NLLoss,256,0.0001,incorrect_ud_tags_padded,62%,697,333,581,760,0.9490683848683118
NLLoss,256,0.0001,incorrect_ud_tags_padded,66%,672,322,592,785,0.9481052177089907
NLLoss,256,0.0001,incorrect_ud_tags_padded,70%,670,315,599,787,0.94868643927065
NLLoss,256,0.0001,incorrect_ud_tags_padded,74%,610,295,619,847,0.9466936796306752
NLLoss,256,0.0001,incorrect_ud_tags_padded,78%,648,310,604,809,0.9467933176126739
NLLoss,256,0.0001,incorrect_ud_tags_padded,83%,704,331,583,753,0.9467767112823409
NLLoss,256,0.0001,incorrect_ud_tags_padded,87%,720,336,578,737,0.9495665747783055
NLLoss,256,0.0001,incorrect_ud_tags_padded,91%,703,331,583,754,0.9466936796306752
NLLoss,256,0.0001,incorrect_ud_tags_padded,95%,736,344,570,721,0.9336411039888406
NLLoss,256,0.0001,incorrect_ud_tags_padded,99%,684,332,582,773,0.94368793384038
NLLoss,256,0.0001,incorrect_ud_tags_padded,100%,785,357,557,672,0.9394035006144342
NLLoss,256,0.001,incorrect_ud_tags_padded,4%,858,538,376,599,0.8498289547975688
NLLoss,256,0.001,incorrect_ud_tags_padded,8%,0,0,914,1457,0.5
NLLoss,256,0.001,incorrect_ud_tags_padded,12%,0,0,914,1457,0.5
NLLoss,256,0.001,incorrect_ud_tags_padded,16%,0,0,914,1457,0.5
NLLoss,256,0.001,incorrect_ud_tags_padded,20%,0,0,914,1457,0.5
NLLoss,256,0.001,incorrect_ud_tags_padded,24%,0,0,914,1457,0.5
NLLoss,256,0.001,incorrect_ud_tags_padded,29%,0,0,914,1457,0.5
NLLoss,256,0.001,incorrect_ud_tags_padded,33%,0,0,914,1457,0.5
NLLoss,256,0.001,incorrect_ud_tags_padded,37%,0,0,914,1457,0.5
NLLoss,256,0.001,incorrect_ud_tags_padded,41%,0,0,914,1457,0.5
NLLoss,256,0.001,incorrect_ud_tags_padded,45%,0,0,914,1457,0.5
NLLoss,256,0.001,incorrect_ud_tags_padded,49%,0,0,914,1457,0.5
NLLoss,256,0.001,incorrect_ud_tags_padded,53%,0,0,914,1457,0.5
NLLoss,256,0.001,incorrect_ud_tags_padded,58%,0,0,914,1457,0.5
NLLoss,256,0.001,incorrect_ud_tags_padded,62%,0,0,914,1457,0.5
NLLoss,256,0.001,incorrect_ud_tags_padded,66%,0,0,914,1457,0.5
NLLoss,256,0.001,incorrect_ud_tags_padded,70%,0,0,914,1457,0.5
NLLoss,256,0.001,incorrect_ud_tags_padded,74%,0,0,914,1457,0.5
NLLoss,256,0.001,incorrect_ud_tags_padded,78%,0,0,914,1457,0.5
NLLoss,256,0.001,incorrect_ud_tags_padded,83%,0,0,914,1457,0.5
NLLoss,256,0.001,incorrect_ud_tags_padded,87%,0,0,914,1457,0.5
NLLoss,256,0.001,incorrect_ud_tags_padded,91%,0,0,914,1457,0.5
NLLoss,256,0.001,incorrect_ud_tags_padded,95%,0,0,914,1457,0.5
NLLoss,256,0.001,incorrect_ud_tags_padded,99%,0,0,914,1457,0.5
NLLoss,256,0.001,incorrect_ud_tags_padded,100%,0,0,914,1457,0.5
NLLoss,256,0.01,incorrect_ud_tags_padded,4%,0,0,914,1457,0.5
NLLoss,256,0.01,incorrect_ud_tags_padded,8%,0,0,914,1457,0.5
NLLoss,256,0.01,incorrect_ud_tags_padded,12%,0,0,914,1457,0.5
NLLoss,256,0.01,incorrect_ud_tags_padded,16%,0,0,914,1457,0.5
NLLoss,256,0.01,incorrect_ud_tags_padded,20%,0,0,914,1457,0.5
NLLoss,256,0.01,incorrect_ud_tags_padded,24%,0,0,914,1457,0.5
NLLoss,256,0.01,incorrect_ud_tags_padded,29%,0,0,914,1457,0.5
NLLoss,256,0.01,incorrect_ud_tags_padded,33%,0,0,914,1457,0.5
NLLoss,256,0.01,incorrect_ud_tags_padded,37%,0,0,914,1457,0.5
NLLoss,256,0.01,incorrect_ud_tags_padded,41%,0,0,914,1457,0.5
NLLoss,256,0.01,incorrect_ud_tags_padded,45%,0,0,914,1457,0.5
NLLoss,256,0.01,incorrect_ud_tags_padded,49%,0,0,914,1457,0.5
NLLoss,256,0.01,incorrect_ud_tags_padded,53%,0,0,914,1457,0.5
NLLoss,256,0.01,incorrect_ud_tags_padded,58%,0,0,914,1457,0.5
NLLoss,256,0.01,incorrect_ud_tags_padded,62%,0,0,914,1457,0.5
NLLoss,256,0.01,incorrect_ud_tags_padded,66%,0,0,914,1457,0.5
NLLoss,256,0.01,incorrect_ud_tags_padded,70%,0,0,914,1457,0.5
NLLoss,256,0.01,incorrect_ud_tags_padded,74%,0,0,914,1457,0.5
NLLoss,256,0.01,incorrect_ud_tags_padded,78%,0,0,914,1457,0.5
NLLoss,256,0.01,incorrect_ud_tags_padded,83%,0,0,914,1457,0.5
NLLoss,256,0.01,incorrect_ud_tags_padded,87%,0,0,914,1457,0.5
NLLoss,256,0.01,incorrect_ud_tags_padded,91%,0,0,914,1457,0.5
NLLoss,256,0.01,incorrect_ud_tags_padded,95%,0,0,914,1457,0.5
NLLoss,256,0.01,incorrect_ud_tags_padded,99%,0,0,914,1457,0.5
NLLoss,256,0.01,incorrect_ud_tags_padded,100%,0,0,914,1457,0.5
BCEwithLL,512,1e-05,incorrect_ud_tags_padded,4%,1048,544,370,409,0.8276761101331828
BCEwithLL,512,1e-05,incorrect_ud_tags_padded,8%,1052,552,362,405,0.9196917865090173
BCEwithLL,512,1e-05,incorrect_ud_tags_padded,12%,1044,551,363,413,0.9186289813676973
BCEwithLL,512,1e-05,incorrect_ud_tags_padded,16%,938,499,415,519,0.9317479823308645
BCEwithLL,512,1e-05,incorrect_ud_tags_padded,20%,909,480,434,548,0.9381912385001162
BCEwithLL,512,1e-05,incorrect_ud_tags_padded,24%,871,431,483,586,0.9399515095154273
BCEwithLL,512,1e-05,incorrect_ud_tags_padded,29%,850,420,494,607,0.9418944501644027
BCEwithLL,512,1e-05,incorrect_ud_tags_padded,33%,817,401,513,640,0.9432727755820519
BCEwithLL,512,1e-05,incorrect_ud_tags_padded,37%,819,401,513,638,0.9416951742004052
BCEwithLL,512,1e-05,incorrect_ud_tags_padded,41%,824,399,515,633,0.9430402869573882
BCEwithLL,512,1e-05,incorrect_ud_tags_padded,45%,818,399,515,639,0.9439038161347105
BCEwithLL,512,1e-05,incorrect_ud_tags_padded,49%,801,393,521,656,0.9335912849978412
BCEwithLL,512,1e-05,incorrect_ud_tags_padded,53%,793,395,519,664,0.9461954897206816
BCEwithLL,512,1e-05,incorrect_ud_tags_padded,58%,796,395,519,661,0.9462619150420141
BCEwithLL,512,1e-05,incorrect_ud_tags_padded,62%,784,391,523,673,0.9461124580690159
BCEwithLL,512,1e-05,incorrect_ud_tags_padded,66%,777,387,527,680,0.9482712810123219
BCEwithLL,512,1e-05,incorrect_ud_tags_padded,70%,758,357,557,699,0.9461456707296821
BCEwithLL,512,1e-05,incorrect_ud_tags_padded,74%,765,362,552,692,0.9488691089043143
BCEwithLL,512,1e-05,incorrect_ud_tags_padded,78%,685,311,603,772,0.9473579328440002
BCEwithLL,512,1e-05,incorrect_ud_tags_padded,83%,690,313,601,767,0.9480720050483245
BCEwithLL,512,1e-05,incorrect_ud_tags_padded,87%,695,313,601,762,0.9486366202796506
BCEwithLL,512,1e-05,incorrect_ud_tags_padded,91%,711,328,586,746,0.9482048556909894
BCEwithLL,512,1e-05,incorrect_ud_tags_padded,95%,685,320,594,772,0.9484539506459863
BCEwithLL,512,1e-05,incorrect_ud_tags_padded,99%,683,314,600,774,0.9489853532166462
BCEwithLL,512,1e-05,incorrect_ud_tags_padded,100%,647,307,607,810,0.9400013285064267
BCEwithLL,512,0.0001,incorrect_ud_tags_padded,4%,906,500,414,551,0.8076820884121027
BCEwithLL,512,0.0001,incorrect_ud_tags_padded,8%,721,386,528,736,0.9358497459231458
BCEwithLL,512,0.0001,incorrect_ud_tags_padded,12%,727,366,548,730,0.9384735461157794
BCEwithLL,512,0.0001,incorrect_ud_tags_padded,16%,609,302,612,848,0.9336078913281743
BCEwithLL,512,0.0001,incorrect_ud_tags_padded,20%,716,352,562,741,0.940316848782756
BCEwithLL,512,0.0001,incorrect_ud_tags_padded,24%,590,285,629,867,0.8998638280912684
BCEwithLL,512,0.0001,incorrect_ud_tags_padded,29%,656,300,614,801,0.9360656282174765
BCEwithLL,512,0.0001,incorrect_ud_tags_padded,33%,734,359,555,723,0.9433890198943837
BCEwithLL,512,0.0001,incorrect_ud_tags_padded,37%,672,323,591,785,0.948138430369657
BCEwithLL,512,0.0001,incorrect_ud_tags_padded,41%,622,313,601,835,0.9449334086153641
BCEwithLL,512,0.0001,incorrect_ud_tags_padded,45%,714,352,562,743,0.9481716430303232
BCEwithLL,512,0.0001,incorrect_ud_tags_padded,49%,661,312,602,796,0.9471918695406689
BCEwithLL,512,0.0001,incorrect_ud_tags_padded,53%,643,305,609,814,0.9353017370221528
BCEwithLL,512,0.0001,incorrect_ud_tags_padded,58%,670,327,587,787,0.948819289913315
BCEwithLL,512,0.0001,incorrect_ud_tags_padded,62%,662,328,586,795,0.9484373443156531
BCEwithLL,512,0.0001,incorrect_ud_tags_padded,66%,657,322,592,800,0.9478561227539938
BCEwithLL,512,0.0001,incorrect_ud_tags_padded,70%,641,295,619,816,0.9427579793417251
BCEwithLL,512,0.0001,incorrect_ud_tags_padded,74%,658,309,605,799,0.9448171643030323
BCEwithLL,512,0.0001,incorrect_ud_tags_padded,78%,662,318,596,795,0.9437211465010462
BCEwithLL,512,0.0001,incorrect_ud_tags_padded,83%,733,339,575,724,0.9486034076189843
BCEwithLL,512,0.0001,incorrect_ud_tags_padded,87%,651,319,595,806,0.9497492444119698
BCEwithLL,512,0.0001,incorrect_ud_tags_padded,91%,718,328,586,739,0.9471586568800027
BCEwithLL,512,0.0001,incorrect_ud_tags_padded,95%,678,320,594,779,0.9474907834866652
BCEwithLL,512,0.0001,incorrect_ud_tags_padded,99%,667,313,601,790,0.9483211000033213
BCEwithLL,512,0.0001,incorrect_ud_tags_padded,100%,385,148,766,1072,0.5476435617257298
BCEwithLL,512,0.001,incorrect_ud_tags_padded,4%,0,0,914,1457,0.5
BCEwithLL,512,0.001,incorrect_ud_tags_padded,8%,0,0,914,1457,0.5
BCEwithLL,512,0.001,incorrect_ud_tags_padded,12%,0,0,914,1457,0.5
BCEwithLL,512,0.001,incorrect_ud_tags_padded,16%,0,0,914,1457,0.5
BCEwithLL,512,0.001,incorrect_ud_tags_padded,20%,0,0,914,1457,0.5
BCEwithLL,512,0.001,incorrect_ud_tags_padded,24%,0,0,914,1457,0.5
BCEwithLL,512,0.001,incorrect_ud_tags_padded,29%,0,0,914,1457,0.5
BCEwithLL,512,0.001,incorrect_ud_tags_padded,33%,0,0,914,1457,0.5
BCEwithLL,512,0.001,incorrect_ud_tags_padded,37%,0,0,914,1457,0.5
BCEwithLL,512,0.001,incorrect_ud_tags_padded,41%,0,0,914,1457,0.5
BCEwithLL,512,0.001,incorrect_ud_tags_padded,45%,0,0,914,1457,0.5
BCEwithLL,512,0.001,incorrect_ud_tags_padded,49%,0,0,914,1457,0.5
BCEwithLL,512,0.001,incorrect_ud_tags_padded,53%,0,0,914,1457,0.5
BCEwithLL,512,0.001,incorrect_ud_tags_padded,58%,0,0,914,1457,0.5
BCEwithLL,512,0.001,incorrect_ud_tags_padded,62%,0,0,914,1457,0.5
BCEwithLL,512,0.001,incorrect_ud_tags_padded,66%,0,0,914,1457,0.5
BCEwithLL,512,0.001,incorrect_ud_tags_padded,70%,0,0,914,1457,0.5
BCEwithLL,512,0.001,incorrect_ud_tags_padded,74%,0,0,914,1457,0.5
BCEwithLL,512,0.001,incorrect_ud_tags_padded,78%,0,0,914,1457,0.5
BCEwithLL,512,0.001,incorrect_ud_tags_padded,83%,0,0,914,1457,0.5
BCEwithLL,512,0.001,incorrect_ud_tags_padded,87%,0,0,914,1457,0.5
BCEwithLL,512,0.001,incorrect_ud_tags_padded,91%,0,0,914,1457,0.5
BCEwithLL,512,0.001,incorrect_ud_tags_padded,95%,0,0,914,1457,0.5
BCEwithLL,512,0.001,incorrect_ud_tags_padded,99%,0,0,914,1457,0.5
BCEwithLL,512,0.001,incorrect_ud_tags_padded,100%,0,0,914,1457,0.5
BCEwithLL,512,0.01,incorrect_ud_tags_padded,4%,0,0,914,1457,0.5
BCEwithLL,512,0.01,incorrect_ud_tags_padded,8%,0,0,914,1457,0.5
BCEwithLL,512,0.01,incorrect_ud_tags_padded,12%,0,0,914,1457,0.5
BCEwithLL,512,0.01,incorrect_ud_tags_padded,16%,0,0,914,1457,0.5
BCEwithLL,512,0.01,incorrect_ud_tags_padded,20%,0,0,914,1457,0.5
BCEwithLL,512,0.01,incorrect_ud_tags_padded,24%,0,0,914,1457,0.5
BCEwithLL,512,0.01,incorrect_ud_tags_padded,29%,0,0,914,1457,0.5
BCEwithLL,512,0.01,incorrect_ud_tags_padded,33%,0,0,914,1457,0.5
BCEwithLL,512,0.01,incorrect_ud_tags_padded,37%,0,0,914,1457,0.5
BCEwithLL,512,0.01,incorrect_ud_tags_padded,41%,0,0,914,1457,0.5
BCEwithLL,512,0.01,incorrect_ud_tags_padded,45%,0,0,914,1457,0.5
BCEwithLL,512,0.01,incorrect_ud_tags_padded,49%,0,0,914,1457,0.5
BCEwithLL,512,0.01,incorrect_ud_tags_padded,53%,0,0,914,1457,0.5
BCEwithLL,512,0.01,incorrect_ud_tags_padded,58%,0,0,914,1457,0.5
BCEwithLL,512,0.01,incorrect_ud_tags_padded,62%,0,0,914,1457,0.5
BCEwithLL,512,0.01,incorrect_ud_tags_padded,66%,0,0,914,1457,0.5
BCEwithLL,512,0.01,incorrect_ud_tags_padded,70%,0,0,914,1457,0.5
BCEwithLL,512,0.01,incorrect_ud_tags_padded,74%,0,0,914,1457,0.5
BCEwithLL,512,0.01,incorrect_ud_tags_padded,78%,0,0,914,1457,0.5
BCEwithLL,512,0.01,incorrect_ud_tags_padded,83%,0,0,914,1457,0.5
BCEwithLL,512,0.01,incorrect_ud_tags_padded,87%,0,0,914,1457,0.5
BCEwithLL,512,0.01,incorrect_ud_tags_padded,91%,0,0,914,1457,0.5
BCEwithLL,512,0.01,incorrect_ud_tags_padded,95%,0,0,914,1457,0.5
BCEwithLL,512,0.01,incorrect_ud_tags_padded,99%,0,0,914,1457,0.5
BCEwithLL,512,0.01,incorrect_ud_tags_padded,100%,0,0,914,1457,0.5
NLLoss,512,0.0001,incorrect_ud_tags_padded,4%,772,382,532,685,0.9366634561094689
NLLoss,512,0.0001,incorrect_ud_tags_padded,8%,745,364,550,712,0.9398850841940948
NLLoss,512,0.0001,incorrect_ud_tags_padded,12%,621,298,616,836,0.9363645421634728
NLLoss,512,0.0001,incorrect_ud_tags_padded,16%,602,300,614,855,0.7901790162409911
NLLoss,512,0.0001,incorrect_ud_tags_padded,20%,582,267,647,875,0.9405991563984191
NLLoss,512,0.0001,incorrect_ud_tags_padded,24%,611,292,622,846,0.9401175728187585
NLLoss,512,0.0001,incorrect_ud_tags_padded,29%,649,305,609,808,0.9443023680627055
NLLoss,512,0.0001,incorrect_ud_tags_padded,33%,746,360,554,711,0.9468099239430071
NLLoss,512,0.0001,incorrect_ud_tags_padded,37%,611,291,623,846,0.9384403334551131
NLLoss,512,0.0001,incorrect_ud_tags_padded,41%,678,321,593,779,0.9469759872463384
NLLoss,512,0.0001,incorrect_ud_tags_padded,45%,652,318,596,805,0.9485037696369856
NLLoss,512,0.0001,incorrect_ud_tags_padded,49%,681,328,586,776,0.9324786608655219
NLLoss,512,0.0001,incorrect_ud_tags_padded,53%,694,328,586,763,0.9475738151383307
NLLoss,512,0.0001,incorrect_ud_tags_padded,58%,660,313,601,797,0.9488857152346475
NLLoss,512,0.0001,incorrect_ud_tags_padded,62%,650,321,593,807,0.9427081603507257
NLLoss,512,0.0001,incorrect_ud_tags_padded,66%,681,326,588,776,0.9485037696369856
NLLoss,512,0.0001,incorrect_ud_tags_padded,70%,793,357,557,664,0.9483709189943207
NLLoss,512,0.0001,incorrect_ud_tags_padded,74%,695,335,579,762,0.9482712810123219
NLLoss,512,0.0001,incorrect_ud_tags_padded,78%,698,333,581,759,0.9485203759673188
NLLoss,512,0.0001,incorrect_ud_tags_padded,83%,705,337,577,752,0.9450994719186954
NLLoss,512,0.0001,incorrect_ud_tags_padded,87%,674,321,593,783,0.94868643927065
NLLoss,512,0.0001,incorrect_ud_tags_padded,91%,673,318,596,784,0.9485037696369856
NLLoss,512,0.0001,incorrect_ud_tags_padded,95%,705,329,585,752,0.9468929555946727
NLLoss,512,0.0001,incorrect_ud_tags_padded,99%,667,310,604,790,0.9391377993291042
NLLoss,512,0.0001,incorrect_ud_tags_padded,100%,612,293,621,845,0.9126507024477731
NLLoss,512,1e-05,incorrect_ud_tags_padded,4%,1109,613,301,348,0.920737985320004
NLLoss,512,1e-05,incorrect_ud_tags_padded,8%,1033,559,355,424,0.9373111029924607
NLLoss,512,1e-05,incorrect_ud_tags_padded,12%,904,482,432,553,0.9005945066259258
NLLoss,512,1e-05,incorrect_ud_tags_padded,16%,899,472,442,558,0.941263409611744
NLLoss,512,1e-05,incorrect_ud_tags_padded,20%,837,420,494,620,0.9411969842904115
NLLoss,512,1e-05,incorrect_ud_tags_padded,24%,810,402,512,647,0.9421103324587333
NLLoss,512,1e-05,incorrect_ud_tags_padded,29%,804,400,514,653,0.9444684313660368
NLLoss,512,1e-05,incorrect_ud_tags_padded,33%,778,390,524,679,0.9457969377926866
NLLoss,512,1e-05,incorrect_ud_tags_padded,37%,783,398,516,674,0.9452323225613604
NLLoss,512,1e-05,incorrect_ud_tags_padded,41%,733,361,553,724,0.9460958517386828
NLLoss,512,1e-05,incorrect_ud_tags_padded,45%,735,371,543,722,0.9459630010960178
NLLoss,512,1e-05,incorrect_ud_tags_padded,49%,721,363,551,736,0.9461622770600153
NLLoss,512,1e-05,incorrect_ud_tags_padded,53%,727,364,550,730,0.9452821415523598
NLLoss,512,1e-05,incorrect_ud_tags_padded,58%,725,357,557,732,0.9465774353183434
NLLoss,512,1e-05,incorrect_ud_tags_padded,62%,716,344,570,741,0.94815503669999
NLLoss,512,1e-05,incorrect_ud_tags_padded,66%,725,346,568,732,0.9482048556909894
NLLoss,512,1e-05,incorrect_ud_tags_padded,70%,652,311,603,805,0.9489189278953137
NLLoss,512,1e-05,incorrect_ud_tags_padded,74%,650,310,604,807,0.949101597528978
NLLoss,512,1e-05,incorrect_ud_tags_padded,78%,664,320,594,793,0.9487030456009831
NLLoss,512,1e-05,incorrect_ud_tags_padded,83%,651,312,602,806,0.9487196519313162
NLLoss,512,1e-05,incorrect_ud_tags_padded,87%,656,313,601,801,0.948022186057325
NLLoss,512,1e-05,incorrect_ud_tags_padded,91%,649,308,606,808,0.9480387923876582
NLLoss,512,1e-05,incorrect_ud_tags_padded,95%,661,313,601,796,0.9482712810123219
NLLoss,512,1e-05,incorrect_ud_tags_padded,99%,660,322,592,797,0.944634494669368
NLLoss,512,1e-05,incorrect_ud_tags_padded,100%,786,389,525,671,0.9264671692849314
NLLoss,512,0.001,incorrect_ud_tags_padded,4%,0,0,914,1457,0.5
NLLoss,512,0.001,incorrect_ud_tags_padded,8%,0,0,914,1457,0.5
NLLoss,512,0.001,incorrect_ud_tags_padded,12%,0,0,914,1457,0.5
NLLoss,512,0.001,incorrect_ud_tags_padded,16%,0,0,914,1457,0.5
NLLoss,512,0.001,incorrect_ud_tags_padded,20%,0,0,914,1457,0.5
NLLoss,512,0.001,incorrect_ud_tags_padded,24%,0,0,914,1457,0.5
NLLoss,512,0.001,incorrect_ud_tags_padded,29%,0,0,914,1457,0.5
NLLoss,512,0.001,incorrect_ud_tags_padded,33%,0,0,914,1457,0.5
NLLoss,512,0.001,incorrect_ud_tags_padded,37%,0,0,914,1457,0.5
NLLoss,512,0.001,incorrect_ud_tags_padded,41%,0,0,914,1457,0.5
NLLoss,512,0.001,incorrect_ud_tags_padded,45%,0,0,914,1457,0.5
NLLoss,512,0.001,incorrect_ud_tags_padded,49%,0,0,914,1457,0.5
NLLoss,512,0.001,incorrect_ud_tags_padded,53%,0,0,914,1457,0.5
NLLoss,512,0.001,incorrect_ud_tags_padded,58%,0,0,914,1457,0.5
NLLoss,512,0.001,incorrect_ud_tags_padded,62%,0,0,914,1457,0.5
NLLoss,512,0.001,incorrect_ud_tags_padded,66%,0,0,914,1457,0.5
NLLoss,512,0.001,incorrect_ud_tags_padded,70%,0,0,914,1457,0.5
NLLoss,512,0.001,incorrect_ud_tags_padded,74%,0,0,914,1457,0.5
NLLoss,512,0.001,incorrect_ud_tags_padded,78%,0,0,914,1457,0.5
NLLoss,512,0.001,incorrect_ud_tags_padded,83%,0,0,914,1457,0.5
NLLoss,512,0.001,incorrect_ud_tags_padded,87%,0,0,914,1457,0.5
NLLoss,512,0.001,incorrect_ud_tags_padded,91%,0,0,914,1457,0.5
NLLoss,512,0.001,incorrect_ud_tags_padded,95%,0,0,914,1457,0.5
NLLoss,512,0.001,incorrect_ud_tags_padded,99%,0,0,914,1457,0.5
NLLoss,512,0.001,incorrect_ud_tags_padded,100%,0,0,914,1457,0.5
NLLoss,512,0.01,incorrect_ud_tags_padded,4%,0,0,914,1457,0.5
NLLoss,512,0.01,incorrect_ud_tags_padded,8%,0,0,914,1457,0.5
NLLoss,512,0.01,incorrect_ud_tags_padded,12%,0,0,914,1457,0.5
NLLoss,512,0.01,incorrect_ud_tags_padded,16%,0,0,914,1457,0.5
NLLoss,512,0.01,incorrect_ud_tags_padded,20%,0,0,914,1457,0.5
NLLoss,512,0.01,incorrect_ud_tags_padded,24%,0,0,914,1457,0.5
NLLoss,512,0.01,incorrect_ud_tags_padded,29%,0,0,914,1457,0.5
NLLoss,512,0.01,incorrect_ud_tags_padded,33%,0,0,914,1457,0.5
NLLoss,512,0.01,incorrect_ud_tags_padded,37%,0,0,914,1457,0.5
NLLoss,512,0.01,incorrect_ud_tags_padded,41%,0,0,914,1457,0.5
NLLoss,512,0.01,incorrect_ud_tags_padded,45%,0,0,914,1457,0.5
NLLoss,512,0.01,incorrect_ud_tags_padded,49%,0,0,914,1457,0.5
NLLoss,512,0.01,incorrect_ud_tags_padded,53%,0,0,914,1457,0.5
NLLoss,512,0.01,incorrect_ud_tags_padded,58%,0,0,914,1457,0.5
NLLoss,512,0.01,incorrect_ud_tags_padded,62%,0,0,914,1457,0.5
NLLoss,512,0.01,incorrect_ud_tags_padded,66%,0,0,914,1457,0.5
NLLoss,512,0.01,incorrect_ud_tags_padded,70%,0,0,914,1457,0.5
NLLoss,512,0.01,incorrect_ud_tags_padded,74%,0,0,914,1457,0.5
NLLoss,512,0.01,incorrect_ud_tags_padded,78%,0,0,914,1457,0.5
NLLoss,512,0.01,incorrect_ud_tags_padded,83%,0,0,914,1457,0.5
NLLoss,512,0.01,incorrect_ud_tags_padded,87%,0,0,914,1457,0.5
NLLoss,512,0.01,incorrect_ud_tags_padded,91%,0,0,914,1457,0.5
NLLoss,512,0.01,incorrect_ud_tags_padded,95%,0,0,914,1457,0.5
NLLoss,512,0.01,incorrect_ud_tags_padded,99%,0,0,914,1457,0.5
NLLoss,512,0.01,incorrect_ud_tags_padded,100%,0,0,914,1457,0.5
BCEwithLL,64,1e-05,incorrect_ud_tags_padded,3%,1082,630,284,375,0
BCEwithLL,64,1e-05,incorrect_ud_tags_padded,6%,1045,590,324,412,0
BCEwithLL,64,1e-05,incorrect_ud_tags_padded,9%,979,531,383,478,0
BCEwithLL,64,1e-05,incorrect_ud_tags_padded,13%,982,528,386,475,0
BCEwithLL,64,1e-05,incorrect_ud_tags_padded,16%,982,519,395,475,0
BCEwithLL,64,1e-05,incorrect_ud_tags_padded,19%,992,515,399,465,0
BCEwithLL,64,1e-05,incorrect_ud_tags_padded,23%,983,514,400,474,0
BCEwithLL,64,1e-05,incorrect_ud_tags_padded,26%,969,509,405,488,0
BCEwithLL,64,1e-05,incorrect_ud_tags_padded,29%,949,493,421,508,0
BCEwithLL,64,1e-05,incorrect_ud_tags_padded,33%,925,487,427,532,0
BCEwithLL,64,1e-05,incorrect_ud_tags_padded,36%,940,485,429,517,0
BCEwithLL,64,1e-05,incorrect_ud_tags_padded,39%,914,467,447,543,0
BCEwithLL,64,1e-05,incorrect_ud_tags_padded,43%,910,463,451,547,0
BCEwithLL,64,1e-05,incorrect_ud_tags_padded,46%,909,462,452,548,0
BCEwithLL,64,1e-05,incorrect_ud_tags_padded,49%,891,458,456,566,0
BCEwithLL,64,1e-05,incorrect_ud_tags_padded,53%,878,438,476,579,0
BCEwithLL,64,1e-05,incorrect_ud_tags_padded,56%,866,426,488,591,0
BCEwithLL,64,1e-05,incorrect_ud_tags_padded,59%,872,431,483,585,0
BCEwithLL,64,1e-05,incorrect_ud_tags_padded,63%,837,424,490,620,0
BCEwithLL,64,1e-05,incorrect_ud_tags_padded,66%,831,412,502,626,0
BCEwithLL,64,1e-05,incorrect_ud_tags_padded,69%,830,410,504,627,0
BCEwithLL,64,1e-05,incorrect_ud_tags_padded,73%,825,404,510,632,0
BCEwithLL,64,1e-05,incorrect_ud_tags_padded,76%,824,403,511,633,0
BCEwithLL,64,1e-05,incorrect_ud_tags_padded,79%,824,401,513,633,0
BCEwithLL,64,1e-05,incorrect_ud_tags_padded,83%,820,399,515,637,0
BCEwithLL,64,1e-05,incorrect_ud_tags_padded,86%,822,401,513,635,0
BCEwithLL,64,1e-05,incorrect_ud_tags_padded,89%,819,399,515,638,0
BCEwithLL,64,1e-05,incorrect_ud_tags_padded,92%,812,399,515,645,0
BCEwithLL,64,1e-05,incorrect_ud_tags_padded,96%,810,398,516,647,0
BCEwithLL,64,1e-05,incorrect_ud_tags_padded,99%,810,395,519,647,0
BCEwithLL,64,1e-05,incorrect_ud_tags_padded,100%,811,398,516,646,0
